Date,Tax Effect Of Unusual Items,Tax Rate For Calcs,Normalized EBITDA,Net Income From Continuing Operation Net Minority Interest,Reconciled Depreciation,Reconciled Cost Of Revenue,EBITDA,EBIT,Normalized Income,Net Income From Continuing And Discontinued Operation,Total Expenses,Total Operating Income As Reported,Diluted Average Shares,Basic Average Shares,Diluted EPS,Basic EPS,Diluted NI Availto Com Stockholders,Net Income Common Stockholders,Net Income,Net Income Including Noncontrolling Interests,Net Income Continuous Operations,Tax Provision,Pretax Income,Other Income Expense,Other Non Operating Income Expenses,Operating Income,Operating Expense,Research And Development,Selling General And Administration,Gross Profit,Cost Of Revenue,Total Revenue,Operating Revenue,Ticker,Statement_Type,Ordinary Shares Number,Share Issued,Net Debt,Total Debt,Tangible Book Value,Invested Capital,Working Capital,Net Tangible Assets,Common Stock Equity,Total Capitalization,Total Equity Gross Minority Interest,Stockholders Equity,Gains Losses Not Affecting Retained Earnings,Other Equity Adjustments,Retained Earnings,Capital Stock,Common Stock,Total Liabilities Net Minority Interest,Total Non Current Liabilities Net Minority Interest,Other Non Current Liabilities,Tradeand Other Payables Non Current,Long Term Debt And Capital Lease Obligation,Long Term Debt,Current Liabilities,Other Current Liabilities,Current Deferred Liabilities,Current Deferred Revenue,Current Debt And Capital Lease Obligation,Current Debt,Other Current Borrowings,Commercial Paper,Payables And Accrued Expenses,Current Accrued Expenses,Payables,Total Tax Payable,Income Tax Payable,Accounts Payable,Total Assets,Total Non Current Assets,Other Non Current Assets,Non Current Deferred Assets,Non Current Deferred Taxes Assets,Investments And Advances,Investmentin Financial Assets,Available For Sale Securities,Net PPE,Accumulated Depreciation,Gross PPE,Leases,Machinery Furniture Equipment,Land And Improvements,Properties,Current Assets,Other Current Assets,Inventory,Finished Goods,Raw Materials,Receivables,Other Receivables,Accounts Receivable,Cash Cash Equivalents And Short Term Investments,Other Short Term Investments,Cash And Cash Equivalents,Cash Equivalents,Cash Financial,Free Cash Flow,Repurchase Of Capital Stock,Repayment Of Debt,Issuance Of Debt,Capital Expenditure,Income Tax Paid Supplemental Data,End Cash Position,Beginning Cash Position,Changes In Cash,Financing Cash Flow,Cash Flow From Continuing Financing Activities,Net Other Financing Charges,Cash Dividends Paid,Common Stock Dividend Paid,Net Common Stock Issuance,Common Stock Payments,Net Issuance Payments Of Debt,Net Short Term Debt Issuance,Short Term Debt Payments,Net Long Term Debt Issuance,Long Term Debt Payments,Long Term Debt Issuance,Investing Cash Flow,Cash Flow From Continuing Investing Activities,Net Other Investing Changes,Net Investment Purchase And Sale,Sale Of Investment,Purchase Of Investment,Net PPE Purchase And Sale,Purchase Of PPE,Operating Cash Flow,Cash Flow From Continuing Operating Activities,Change In Working Capital,Change In Other Current Liabilities,Change In Other Current Assets,Change In Payables And Accrued Expense,Change In Payable,Change In Account Payable,Change In Inventory,Change In Receivables,Changes In Account Receivables,Other Non Cash Items,Stock Based Compensation,Depreciation Amortization Depletion,Depreciation And Amortization,Net Income From Continuing Operations,Total Unusual Items,Total Unusual Items Excluding Goodwill,Net Interest Income,Interest Expense,Interest Income,Special Income Charges,Write Off,Gain On Sale Of Security,Net Non Operating Interest Income Expense,Interest Expense Non Operating,Interest Income Non Operating,Selling And Marketing Expense,General And Administrative Expense,Other Gand A,Capital Lease Obligations,Non Current Deferred Liabilities,Non Current Deferred Revenue,Non Current Deferred Taxes Liabilities,Long Term Capital Lease Obligation,Pensionand Other Post Retirement Benefit Plans Current,Financial Assets,Financial Assets Designatedas Fair Value Through Profitor Loss Total,Long Term Equity Investment,Goodwill And Other Intangible Assets,Other Intangible Assets,Goodwill,Other Properties,Buildings And Improvements,Hedging Assets Current,Work In Process,Allowance For Doubtful Accounts Receivable,Gross Accounts Receivable,Issuance Of Capital Stock,Effect Of Exchange Rate Changes,Common Stock Issuance,Net Business Purchase And Sale,Purchase Of Business,Change In Other Working Capital,Change In Tax Payable,Change In Income Tax Payable,Unrealized Gain Loss On Investment Securities,Asset Impairment Charge,Deferred Tax,Deferred Income Tax,Depreciation,Operating Gains Losses,Gain Loss On Investment Securities,Average Dilution Earnings,Earnings From Equity Interest,Preferred Stock,Current Capital Lease Obligation,Other Payable,Construction In Progress,Proceeds From Stock Option Exercised,Change In Accrued Expense,Rent Expense Supplemental,Otherunder Preferred Stock Dividend,Minority Interests,Restructuring And Mergern Acquisition,Treasury Shares Number,Minority Interest,Additional Paid In Capital,Long Term Provisions,Line Of Credit,Current Provisions,Other Investments,Other Inventories,Change In Prepaid Assets,Net Foreign Currency Exchange Gain Loss,Gain Loss On Sale Of PPE,Earnings From Equity Interest Net Of Tax,Other Operating Expenses,Treasury Stock,Inventories Adjustments Allowances,Interest Paid Supplemental Data,Short Term Debt Issuance,Sale Of Business,Sale Of PPE
2025-12-31,0.0,0.175,54066000000.0,42097000000.0,3214000000.0,74525000000.0,54066000000.0,50852000000.0,42097000000.0,42097000000.0,92904000000.0,50852000000.0,14810356000.0,14748158000.0,2.84,2.85,42097000000.0,42097000000.0,42097000000.0,42097000000.0,42097000000.0,8905000000.0,51002000000.0,150000000.0,150000000.0,50852000000.0,18379000000.0,10887000000.0,7492000000.0,69231000000.0,74525000000.0,143756000000.0,143756000000.0,AAPL,Income,,,,,,,,,,,,,,,,,,,,,,,,,,,,,,,,,,,,,,,,,,,,,,,,,,,,,,,,,,,,,,,,,,,,,,,,,,,,,,,,,,,,,,,,,,,,,,,,,,,,,,,,,,,,,,,,,,,,,,,,,,,,,,,,,,,,,,,,,,,,,,,,,,,,,,,,,,,,,,,,,,,,,,,,,,,,,,,,,,,,,,,,,,,,,
2025-09-30,0.0,0.162724,35554000000.0,27466000000.0,3127000000.0,54125000000.0,35554000000.0,32427000000.0,27466000000.0,27466000000.0,70039000000.0,32427000000.0,14863609000.0,14815307000.0,1.85,1.85,27466000000.0,27466000000.0,27466000000.0,27466000000.0,27466000000.0,5338000000.0,32804000000.0,377000000.0,377000000.0,32427000000.0,15914000000.0,8866000000.0,7048000000.0,48341000000.0,54125000000.0,102466000000.0,102466000000.0,AAPL,Income,,,,,,,,,,,,,,,,,,,,,,,,,,,,,,,,,,,,,,,,,,,,,,,,,,,,,,,,,,,,,,,,,,,,,,,,,,,,,,,,,,,,,,,,,,,,,,,,,,,,,,,,,,,,,,,,,,,,,,,,,,,,,,,,,,,,,,,,,,,,,,,,,,,,,,,,,,,,,,,,,,,,,,,,,,,,,,,,,,,,,,,,,,,,,
2025-06-30,0.0,0.164,31032000000.0,23434000000.0,2830000000.0,50318000000.0,31032000000.0,28202000000.0,23434000000.0,23434000000.0,65834000000.0,28202000000.0,14948179000.0,14902886000.0,1.57,1.57,23434000000.0,23434000000.0,23434000000.0,23434000000.0,23434000000.0,4597000000.0,28031000000.0,-171000000.0,-171000000.0,28202000000.0,15516000000.0,8866000000.0,6650000000.0,43718000000.0,50318000000.0,94036000000.0,94036000000.0,AAPL,Income,,,,,,,,,,,,,,,,,,,,,,,,,,,,,,,,,,,,,,,,,,,,,,,,,,,,,,,,,,,,,,,,,,,,,,,,,,,,,,,,,,,,,,,,,,,,,,,,,,,,,,,,,,,,,,,,,,,,,,,,,,,,,,,,,,,,,,,,,,,,,,,,,,,,,,,,,,,,,,,,,,,,,,,,,,,,,,,,,,,,,,,,,,,,,
2025-03-31,0.0,0.155,32250000000.0,24780000000.0,2661000000.0,50492000000.0,32250000000.0,29589000000.0,24780000000.0,24780000000.0,65770000000.0,29589000000.0,15056133000.0,14994082000.0,1.65,1.65,24780000000.0,24780000000.0,24780000000.0,24780000000.0,24780000000.0,4530000000.0,29310000000.0,-279000000.0,-279000000.0,29589000000.0,15278000000.0,8550000000.0,6728000000.0,44867000000.0,50492000000.0,95359000000.0,95359000000.0,AAPL,Income,,,,,,,,,,,,,,,,,,,,,,,,,,,,,,,,,,,,,,,,,,,,,,,,,,,,,,,,,,,,,,,,,,,,,,,,,,,,,,,,,,,,,,,,,,,,,,,,,,,,,,,,,,,,,,,,,,,,,,,,,,,,,,,,,,,,,,,,,,,,,,,,,,,,,,,,,,,,,,,,,,,,,,,,,,,,,,,,,,,,,,,,,,,,,
2024-12-31,0.0,0.147,45912000000.0,36330000000.0,3080000000.0,66025000000.0,45912000000.0,42832000000.0,36330000000.0,36330000000.0,81468000000.0,42832000000.0,15150865000.0,15081724000.0,2.4,2.41,36330000000.0,36330000000.0,36330000000.0,36330000000.0,36330000000.0,6254000000.0,42584000000.0,-248000000.0,-248000000.0,42832000000.0,15443000000.0,8268000000.0,7175000000.0,58275000000.0,66025000000.0,124300000000.0,124300000000.0,AAPL,Income,,,,,,,,,,,,,,,,,,,,,,,,,,,,,,,,,,,,,,,,,,,,,,,,,,,,,,,,,,,,,,,,,,,,,,,,,,,,,,,,,,,,,,,,,,,,,,,,,,,,,,,,,,,,,,,,,,,,,,,,,,,,,,,,,,,,,,,,,,,,,,,,,,,,,,,,,,,,,,,,,,,,,,,,,,,,,,,,,,,,,,,,,,,,,
2025-12-31,,,,,,,,,,,,,,,,,,,,,,,,,,,,,,,,,,AAPL,Balance Sheet,14697926000.0,14697926000.0,45192000000.0,90509000000.0,88190000000.0,178699000000.0,-4263000000.0,88190000000.0,88190000000.0,164875000000.0,88190000000.0,88190000000.0,-4854000000.0,-4854000000.0,-2177000000.0,95221000000.0,95221000000.0,291107000000.0,128740000000.0,52055000000.0,,76685000000.0,76685000000.0,162367000000.0,68543000000.0,9413000000.0,9413000000.0,13824000000.0,13824000000.0,11827000000.0,1997000000.0,70587000000.0,,70587000000.0,,,70587000000.0,379297000000.0,221193000000.0,93146000000.0,,,77888000000.0,77888000000.0,77888000000.0,50159000000.0,-77161000000.0,127320000000.0,,,,,158104000000.0,15002000000.0,5875000000.0,,,70320000000.0,30399000000.0,39921000000.0,66907000000.0,21590000000.0,45317000000.0,14491000000.0,30826000000.0,,,,,,,,,,,,,,,,,,,,,,,,,,,,,,,,,,,,,,,,,,,,,,,,,,,,,,,,,,,,,,,,,,,,,,,,,,,,,,,,,,,,,,,,,,,,,,,,,,,,,,,,,,,,,,,,,,,,,,,,,,,,
2025-09-30,,,,,,,,,,,,,,,,,,,,,,,,,,,,,,,,,,AAPL,Balance Sheet,14773260000.0,14773260000.0,62723000000.0,98657000000.0,73733000000.0,172390000000.0,-17674000000.0,73733000000.0,73733000000.0,152061000000.0,73733000000.0,73733000000.0,-5571000000.0,-5571000000.0,-14264000000.0,93568000000.0,93568000000.0,285508000000.0,119877000000.0,41549000000.0,,78328000000.0,78328000000.0,165631000000.0,44452000000.0,9055000000.0,9055000000.0,20329000000.0,20329000000.0,12350000000.0,7979000000.0,91795000000.0,8919000000.0,82876000000.0,13016000000.0,13016000000.0,69860000000.0,359241000000.0,211284000000.0,62950000000.0,20777000000.0,20777000000.0,77723000000.0,77723000000.0,77723000000.0,49834000000.0,-76014000000.0,125848000000.0,15091000000.0,83420000000.0,27337000000.0,0.0,147957000000.0,14585000000.0,5718000000.0,,,72957000000.0,33180000000.0,39777000000.0,54697000000.0,18763000000.0,35934000000.0,7667000000.0,28267000000.0,,,,,,,,,,,,,,,,,,,,,,,,,,,,,,,,,,,,,,,,,,,,,,,,,,,,,,,,,,,,,,,,,,,,,,,,,,,,,,,,,,,,,,,,,,,,,,,,,,,,,,,,,,,,,,,,,,,,,,,,,,,,
2025-06-30,,,,,,,,,,,,,,,,,,,,,,,,,,,,,,,,,,AAPL,Balance Sheet,14856722000.0,14856722000.0,65429000000.0,101698000000.0,65830000000.0,167528000000.0,-18629000000.0,65830000000.0,65830000000.0,148260000000.0,65830000000.0,65830000000.0,-6369000000.0,-6369000000.0,-17607000000.0,89806000000.0,89806000000.0,265665000000.0,124545000000.0,42115000000.0,,82430000000.0,82430000000.0,141120000000.0,62499000000.0,8979000000.0,8979000000.0,19268000000.0,19268000000.0,9345000000.0,9923000000.0,50374000000.0,,50374000000.0,,,50374000000.0,331495000000.0,209004000000.0,82882000000.0,,,77614000000.0,77614000000.0,77614000000.0,48508000000.0,-75803000000.0,124311000000.0,,,,,122491000000.0,14359000000.0,5925000000.0,3637000000.0,2288000000.0,46835000000.0,19278000000.0,27557000000.0,55372000000.0,19103000000.0,36269000000.0,9583000000.0,26686000000.0,,,,,,,,,,,,,,,,,,,,,,,,,,,,,,,,,,,,,,,,,,,,,,,,,,,,,,,,,,,,,,,,,,,,,,,,,,,,,,,,,,,,,,,,,,,,,,,,,,,,,,,,,,,,,,,,,,,,,,,,,,,,
2025-03-31,,,,,,,,,,,,,,,,,,,,,,,,,,,,,,,,,,AAPL,Balance Sheet,14939315000.0,14939315000.0,70024000000.0,98186000000.0,66796000000.0,164982000000.0,-25897000000.0,66796000000.0,66796000000.0,145362000000.0,66796000000.0,66796000000.0,-6363000000.0,-6363000000.0,-15552000000.0,88711000000.0,88711000000.0,264437000000.0,119866000000.0,41300000000.0,,78566000000.0,78566000000.0,144571000000.0,61849000000.0,8976000000.0,8976000000.0,19620000000.0,19620000000.0,13638000000.0,5982000000.0,54126000000.0,,54126000000.0,,,54126000000.0,331233000000.0,212559000000.0,81259000000.0,,,84424000000.0,84424000000.0,84424000000.0,46876000000.0,-74303000000.0,121179000000.0,,,,,118674000000.0,14109000000.0,6269000000.0,3596000000.0,2673000000.0,49798000000.0,23662000000.0,26136000000.0,48498000000.0,20336000000.0,28162000000.0,3101000000.0,25061000000.0,,,,,,,,,,,,,,,,,,,,,,,,,,,,,,,,,,,,,,,,,,,,,,,,,,,,,,,,,,,,,,,,,,,,,,,,,,,,,,,,,,,,,,,,,,,,,,,,,,,,,,,,,,,,,,,,,,,,,,,,,,,,
2024-12-31,,,,,,,,,,,,,,,,,,,,,,,,,,,,,,,,,,AAPL,Balance Sheet,15037874000.0,15037874000.0,66500000000.0,96799000000.0,66758000000.0,163557000000.0,-11125000000.0,66758000000.0,66758000000.0,150714000000.0,66758000000.0,66758000000.0,-6789000000.0,-6789000000.0,-11221000000.0,84768000000.0,84768000000.0,277327000000.0,132962000000.0,49006000000.0,,83956000000.0,83956000000.0,144365000000.0,61151000000.0,8461000000.0,8461000000.0,12843000000.0,12843000000.0,10848000000.0,1995000000.0,61910000000.0,,61910000000.0,,,61910000000.0,344085000000.0,210845000000.0,77183000000.0,,,87593000000.0,87593000000.0,87593000000.0,46069000000.0,-74546000000.0,120615000000.0,,,,,133240000000.0,13248000000.0,6911000000.0,4119000000.0,2792000000.0,59306000000.0,29667000000.0,29639000000.0,53775000000.0,23476000000.0,30299000000.0,3226000000.0,27073000000.0,,,,,,,,,,,,,,,,,,,,,,,,,,,,,,,,,,,,,,,,,,,,,,,,,,,,,,,,,,,,,,,,,,,,,,,,,,,,,,,,,,,,,,,,,,,,,,,,,,,,,,,,,,,,,,,,,,,,,,,,,,,,
2024-09-30,,,,,,,,,,,,,,,,,,,,,,,,,,,,,,,,,,AAPL,Balance Sheet,,,,,,,,,,,,,,,,,,,,,9254000000.0,,,,,,,,,,,,,,26601000000.0,26601000000.0,,,,,19499000000.0,19499000000.0,,,,,,,14233000000.0,80205000000.0,24690000000.0,0.0,,,,,,,,,,,,,,,,,,,,,,,,,,,,,,,,,,,,,,,,,,,,,,,,,,,,,,,,,,,,,,,,,,,,,,,,,,,,,,,,,,,,,,,,,,,,,,,,,,,,,,,,,,,,,,,,,,,,,,,,,,,,,,,,,,,,,,,,,
2025-12-31,,,,,,,,,,,,,,,,,,,,,,,,,,,,,,,,,,AAPL,Cash Flow,,,,,,,,,,,,,,,,,,,,,,,,,,,,,,,,,,,,,,,,,,,,,,,,,,,,,,,,,,,,,,,,,,51552000000.0,-24701000000.0,-8074000000.0,,-2373000000.0,3434000000.0,45317000000.0,35934000000.0,9383000000.0,-39656000000.0,-39656000000.0,-2960000000.0,-3921000000.0,-3921000000.0,-24701000000.0,-24701000000.0,-8074000000.0,-5910000000.0,-5910000000.0,-2164000000.0,-2164000000.0,,-4886000000.0,-4886000000.0,-154000000.0,-2359000000.0,10334000000.0,-12693000000.0,-2373000000.0,-2373000000.0,53925000000.0,53925000000.0,5548000000.0,12533000000.0,-10250000000.0,848000000.0,848000000.0,848000000.0,-211000000.0,2628000000.0,-153000000.0,-528000000.0,3594000000.0,3214000000.0,3214000000.0,42097000000.0,,,,,,,,,,,,,,,,,,,,,,,,,,,,,,,,,,,,,,,,,,,,,,,,,,,,,,,,,,,,,,,,,,,,,,,,,,,,,,
2025-09-30,,,,,,,,,,,,,,,,,,,,,,,,,,,,,,,,,,AAPL,Cash Flow,,,,,,,,,,,,,,,,,,,,,,,,,,,,,,,,,,,,,,,,,,,,,,,,,,,,,,,,,,,,,,,,,,26486000000.0,-20132000000.0,-1185000000.0,0.0,-3242000000.0,6037000000.0,35934000000.0,36269000000.0,-335000000.0,-27476000000.0,-27476000000.0,-265000000.0,-3862000000.0,-3862000000.0,-20132000000.0,-20132000000.0,-3217000000.0,-1967000000.0,,-1250000000.0,-1250000000.0,0.0,-2587000000.0,-2587000000.0,-505000000.0,1160000000.0,7976000000.0,-6816000000.0,-3242000000.0,-3242000000.0,29728000000.0,29728000000.0,-5707000000.0,4085000000.0,-3081000000.0,19381000000.0,19381000000.0,19381000000.0,177000000.0,-26269000000.0,-12367000000.0,1659000000.0,3183000000.0,3127000000.0,3127000000.0,27466000000.0,,,,,,,,,,,,,,,,,,,,,,,,,,,,,,,,,,,,,,,,,,,,,,,,,,,,,,,,,,,,,,,,,,,,,,,,,,,,,,
2025-06-30,,,,,,,,,,,,,,,,,,,,,,,,,,,,,,,,,,AAPL,Cash Flow,,,,,,,,,,,,,,,,,,,,,,,,,,,,,,,,,,,,,,,,,,,,,,,,,,,,,,,,,,,,,,,,,,24405000000.0,-21075000000.0,-1770000000.0,,-3462000000.0,5649000000.0,36269000000.0,28162000000.0,8107000000.0,-24833000000.0,-24833000000.0,-2524000000.0,-3945000000.0,-3945000000.0,-21075000000.0,-21075000000.0,2711000000.0,3903000000.0,3903000000.0,-1192000000.0,-5673000000.0,,5073000000.0,5073000000.0,-340000000.0,8875000000.0,14024000000.0,-5149000000.0,-3462000000.0,-3462000000.0,27867000000.0,27867000000.0,-2034000000.0,418000000.0,-1745000000.0,-3875000000.0,-3875000000.0,-3875000000.0,365000000.0,2803000000.0,-1581000000.0,469000000.0,3168000000.0,2830000000.0,2830000000.0,23434000000.0,,,,,,,,,,,,,,,,,,,,,,,,,,,,,,,,,,,,,,,,,,,,,,,,,,,,,,,,,,,,,,,,,,,,,,,,,,,,,,
2025-03-31,,,,,,,,,,,,,,,,,,,,,,,,,,,,,,,,,,AAPL,Cash Flow,,,,,,,,,,,,,,,,,,,,,,,,,,,,,,,,,,,,,,,,,,,,,,,,,,,,,,,,,,,,,,,,,,20881000000.0,-25898000000.0,976000000.0,,-3071000000.0,13032000000.0,28162000000.0,30299000000.0,-2137000000.0,-29006000000.0,-29006000000.0,-326000000.0,-3758000000.0,-3758000000.0,-25898000000.0,-25898000000.0,976000000.0,3976000000.0,3976000000.0,-3000000000.0,-3000000000.0,,2917000000.0,2917000000.0,-32000000.0,6020000000.0,12338000000.0,-6318000000.0,-3071000000.0,-3071000000.0,23952000000.0,23952000000.0,-6507000000.0,-3581000000.0,-5310000000.0,-7933000000.0,-7933000000.0,-7933000000.0,643000000.0,9674000000.0,3669000000.0,-208000000.0,3226000000.0,2661000000.0,2661000000.0,24780000000.0,,,,,,,,,,,,,,,,,,,,,,,,,,,,,,,,,,,,,,,,,,,,,,,,,,,,,,,,,,,,,,,,,,,,,,,,,,,,,,
2024-12-31,,,,,,,,,,,,,,,,,,,,,,,,,,,,,,,,,,AAPL,Cash Flow,,,,,,,,,,,,,,,,,,,,,,,,,,,,,,,,,,,,,,,,,,,,,,,,,,,,,,,,,,,,,,,,,,26995000000.0,-23606000000.0,-8953000000.0,,-2940000000.0,18651000000.0,30299000000.0,29943000000.0,356000000.0,-39371000000.0,-39371000000.0,-2956000000.0,-3856000000.0,-3856000000.0,-23606000000.0,-23606000000.0,-8953000000.0,-7944000000.0,-7944000000.0,-1009000000.0,-1009000000.0,,9792000000.0,9792000000.0,-603000000.0,13335000000.0,19459000000.0,-6124000000.0,-2940000000.0,-2940000000.0,29935000000.0,29935000000.0,-10752000000.0,-11998000000.0,939000000.0,-6671000000.0,-6671000000.0,-6671000000.0,215000000.0,6763000000.0,3597000000.0,-2009000000.0,3286000000.0,3080000000.0,3080000000.0,36330000000.0,,,,,,,,,,,,,,,,,,,,,,,,,,,,,,,,,,,,,,,,,,,,,,,,,,,,,,,,,,,,,,,,,,,,,,,,,,,,,,
2024-09-30,,,,,,,,,,,,,,,,,,,,,,,,,,,,,,,,,,AAPL,Cash Flow,,,,,,,,,,,,,,,,,,,,,,,,,,,,,,,,,,,,,,,,,,,,,,,,,,,,,,,,,,,,,,,,,,,,,0.0,,,,,,,,,,,,,,,,,,0.0,,,,,,,,,,,,,,,,,,,,,,,,,,,,,,,,,,,,,,,,,,,,,,,,,,,,,,,,,,,,,,,,,,,,,,,,,,,,,,,,,,,,,,,,,,,,,,,,,,,,,,
2024-06-30,,,,,,,,,,,,,,,,,,,,,,,,,,,,,,,,,,AAPL,Cash Flow,,,,,,,,,,,,,,,,,,,,,,,,,,,,,,,,,,,,,,,,,,,,,,,,,,,,,,,,,,,,,,,,,,,,,,,,,,,,,,,,,,,,997000000.0,,,,,,,,,,,,,,,,,,,,,,,,,,,,,,,,,,,,,,,,,,,,,,,,,,,,,,,,,,,,,,,,,,,,,,,,,,,,,,,,,,,,,,,,,,,,,,,,,,,,,,,,,
2025-12-31,65200000.0,0.2,57854000000.0,38458000000.0,9198000000.0,25978000000.0,58180000000.0,48982000000.0,38197200000.0,38458000000.0,42998000000.0,38275000000.0,7460000000.0,7431000000.0,5.16,5.18,38458000000.0,38458000000.0,38458000000.0,38458000000.0,38458000000.0,9788000000.0,48246000000.0,9867000000.0,9541000000.0,38275000000.0,17020000000.0,8504000000.0,8516000000.0,55295000000.0,25978000000.0,81273000000.0,81273000000.0,MSFT,Income,,,,,,,,,,,,,,,,,,,,,,,,,,,,,,,,,,,,,,,,,,,,,,,,,,,,,,,,,,,,,,,,,,,,,,,,,,,,,,,,,,,,,,,,,,,,,,,,,,,,,,,,,,,,,,,,326000000.0,326000000.0,104000000.0,736000000.0,840000000.0,-59000000.0,59000000.0,385000000.0,104000000.0,736000000.0,840000000.0,6584000000.0,1932000000.0,1932000000.0,,,,,,,,,,,,,,,,,,,,,,,,,,,,,,,,,,,,,,,,,,,,,,,,,,,,,,,,,,,,,,,,
2025-09-30,187150000.0,0.19,47075000000.0,27747000000.0,13061000000.0,24043000000.0,48060000000.0,34999000000.0,26949150000.0,27747000000.0,39712000000.0,37961000000.0,7466000000.0,7433000000.0,3.72,3.73,27747000000.0,27747000000.0,27747000000.0,27747000000.0,27747000000.0,6554000000.0,34301000000.0,-3938000000.0,-4923000000.0,37961000000.0,15669000000.0,8146000000.0,7523000000.0,53630000000.0,24043000000.0,77673000000.0,77673000000.0,MSFT,Income,,,,,,,,,,,,,,,,,,,,,,,,,,,,,,,,,,,,,,,,,,,,,,,,,,,,,,,,,,,,,,,,,,,,,,,,,,,,,,,,,,,,,,,,,,,,,,,,,,,,,,,,,,,,,,,,985000000.0,985000000.0,278000000.0,698000000.0,976000000.0,-14000000.0,14000000.0,999000000.0,278000000.0,698000000.0,976000000.0,5717000000.0,1806000000.0,1806000000.0,,,,,,,,,,,,,,,,,,,,,,,,,,,,,,,,,,,,,,,,,,,,,,,,,,,,,,,,,,,,,,,,
2025-06-30,495125.091979,0.165042,44431000000.0,27233000000.0,11203000000.0,24014000000.0,44434000000.0,33231000000.0,27230495125.09198,27233000000.0,42118000000.0,34323000000.0,7461000000.0,7432000000.0,3.65,3.66,27233000000.0,27233000000.0,27233000000.0,27233000000.0,27233000000.0,5383000000.0,32616000000.0,-1861000000.0,-1864000000.0,34323000000.0,18104000000.0,8829000000.0,9275000000.0,52427000000.0,24014000000.0,76441000000.0,76441000000.0,MSFT,Income,,,,,,,,,,,,,,,,,,,,,,,,,,,,,,,,,,,,,,,,,,,,,,,,,,,,,,,,,,,,,,,,,,,,,,,,,,,,,,,,,,,,,,,,,,,,,,,,,,,,,,,,,,,,,,,,3000000.0,3000000.0,154000000.0,615000000.0,769000000.0,-45000000.0,45000000.0,48000000.0,154000000.0,615000000.0,769000000.0,7285000000.0,1990000000.0,1990000000.0,,,,,,,,,,,,,,,,,,,,,,,,,,,,,,,,,,,,,,,,,,,,,,,,,,,,,,,,,,,,,,,,
2025-03-31,69660000.0,0.18,40324000000.0,25824000000.0,8740000000.0,21919000000.0,40711000000.0,31971000000.0,25506660000.0,25824000000.0,38066000000.0,32000000000.0,7461000000.0,7434000000.0,3.46,3.47,25824000000.0,25824000000.0,25824000000.0,25824000000.0,25824000000.0,5553000000.0,31377000000.0,-626000000.0,-1013000000.0,32000000000.0,16147000000.0,8198000000.0,7949000000.0,48147000000.0,21919000000.0,70066000000.0,70066000000.0,MSFT,Income,,,,,,,,,,,,,,,,,,,,,,,,,,,,,,,,,,,,,,,,,,,,,,,,,,,,,,,,,,,,,,,,,,,,,,,,,,,,,,,,,,,,,,,,,,,,,,,,,,,,,,,,,,,,,,,,387000000.0,387000000.0,3000000.0,594000000.0,597000000.0,-24000000.0,24000000.0,411000000.0,3000000.0,594000000.0,597000000.0,6212000000.0,1737000000.0,1737000000.0,,,,,,,,,,,,,,,,,,,,,,,,,,,,,,,,,,,,,,,,,,,,,,,,,,,,,,,,,,,,,,,,
2024-12-31,-203220000.0,0.18,36755000000.0,24108000000.0,5667000000.0,21799000000.0,35626000000.0,29959000000.0,25033780000.0,24108000000.0,37979000000.0,31653000000.0,7468000000.0,7435000000.0,3.23,3.24,24108000000.0,24108000000.0,24108000000.0,24108000000.0,24108000000.0,5257000000.0,29365000000.0,-2294000000.0,-1165000000.0,31653000000.0,16180000000.0,7917000000.0,8263000000.0,47833000000.0,21799000000.0,69632000000.0,69632000000.0,MSFT,Income,,,,,,,,,,,,,,,,,,,,,,,,,,,,,,,,,,,,,,,,,,,,,,,,,,,,,,,,,,,,,,,,,,,,,,,,,,,,,,,,,,,,,,,,,,,,,,,,,,,,,,,,,,,,,,,,-1129000000.0,-1129000000.0,6000000.0,594000000.0,600000000.0,-867000000.0,867000000.0,-262000000.0,6000000.0,594000000.0,600000000.0,6440000000.0,1823000000.0,1823000000.0,,,,,,,,,,,,,,,,,,,,,,,,,,,,,,,,,,,,,,,,,,,,,,,,,,,,,,,,,,,,,,,,
2025-12-31,,,,,,,,,,,,,,,,,,,,,,,,,,,,,,,,,,MSFT,Balance Sheet,7429000000.0,7429000000.0,15966000000.0,57607000000.0,250964000000.0,431137000000.0,50185000000.0,250964000000.0,390875000000.0,426300000000.0,390875000000.0,390875000000.0,-2702000000.0,-2702000000.0,280789000000.0,112788000000.0,112788000000.0,274427000000.0,144422000000.0,58852000000.0,27256000000.0,52770000000.0,35425000000.0,130005000000.0,24311000000.0,51376000000.0,51376000000.0,4837000000.0,4837000000.0,,,39378000000.0,,39378000000.0,2050000000.0,2050000000.0,37328000000.0,665302000000.0,485112000000.0,37770000000.0,,,21202000000.0,21202000000.0,1620000000.0,286229000000.0,-104950000000.0,391179000000.0,14500000000.0,177892000000.0,9698000000.0,0.0,180190000000.0,33134000000.0,1059000000.0,,,56535000000.0,,56535000000.0,89456000000.0,65160000000.0,24296000000.0,14075000000.0,10221000000.0,,,,,,,,,,,,,,,,,,,,,,,,,,,,,,,,,,,,,,,,,,,,,,,,,,,,,,,,,,,,,17345000000.0,5544000000.0,2668000000.0,2876000000.0,17345000000.0,10103000000.0,0.0,19582000000.0,,139911000000.0,20289000000.0,119622000000.0,25103000000.0,163986000000.0,6000000.0,,-729000000.0,57264000000.0,,,,,,,,,,,,,,,,,,,,,,,,,,,,,,,,,,,,,,,,,,,,,,
2025-09-30,,,,,,,,,,,,,,,,,,,,,,,,,,,,,,,,,,MSFT,Balance Sheet,7433087554.0,7433087554.0,14359000000.0,60556000000.0,222343000000.0,406284000000.0,54070000000.0,222343000000.0,363076000000.0,398452000000.0,363076000000.0,363076000000.0,-2761000000.0,-2761000000.0,254873000000.0,110964000000.0,110964000000.0,273275000000.0,138279000000.0,53588000000.0,26569000000.0,52724000000.0,35376000000.0,134996000000.0,22741000000.0,58987000000.0,58987000000.0,7832000000.0,7832000000.0,,,36235000000.0,,36235000000.0,3655000000.0,3655000000.0,32580000000.0,636351000000.0,447285000000.0,39435000000.0,,,10283000000.0,10283000000.0,2510000000.0,255652000000.0,-98880000000.0,354532000000.0,13610000000.0,154248000000.0,9450000000.0,0.0,189066000000.0,33030000000.0,1130000000.0,,,52894000000.0,,52894000000.0,102005000000.0,73156000000.0,28849000000.0,17483000000.0,11366000000.0,,,,,,,,,,,,,,,,,,,,,,,,,,,,,,,,,,,,,,,,,,,,,,,,,,,,,,,,,,,,,17348000000.0,5398000000.0,2546000000.0,2852000000.0,17348000000.0,9201000000.0,1182000000.0,7773000000.0,,140733000000.0,21236000000.0,119497000000.0,24791000000.0,152433000000.0,7000000.0,,-687000000.0,53581000000.0,,,,,,,,,,,,,,,,,,,,,,,,,,,,,,,,,,,,,,,,,,,,,,
2025-06-30,,,,,,,,,,,,,,,,,,,,,,,,,,,,,,,,,,MSFT,Balance Sheet,7434158655.0,7434158655.0,12909000000.0,60588000000.0,201366000000.0,386630000000.0,49913000000.0,201366000000.0,343479000000.0,383631000000.0,343479000000.0,343479000000.0,-3347000000.0,-3347000000.0,237731000000.0,109095000000.0,109095000000.0,275524000000.0,134306000000.0,45186000000.0,25986000000.0,57589000000.0,40152000000.0,141218000000.0,25020000000.0,64555000000.0,64555000000.0,2999000000.0,2999000000.0,2999000000.0,0.0,34935000000.0,,34935000000.0,7211000000.0,7211000000.0,27724000000.0,619003000000.0,427872000000.0,40565000000.0,,,15133000000.0,2460000000.0,2460000000.0,229789000000.0,-93653000000.0,323442000000.0,12117000000.0,139243000000.0,9338000000.0,0.0,191131000000.0,25723000000.0,938000000.0,,,69905000000.0,,69905000000.0,94555000000.0,64313000000.0,30242000000.0,18531000000.0,11711000000.0,,,,,,,,,,,,,,,,,,,,,,,,,,,,,,,,,,,,,,,,,,,,,,,,,,,,,,,,,,,,,17437000000.0,5545000000.0,2710000000.0,2835000000.0,17437000000.0,13709000000.0,272000000.0,,12673000000.0,142113000000.0,22604000000.0,119509000000.0,24823000000.0,137921000000.0,10000000.0,,-944000000.0,70849000000.0,,,,,,,,,,,,,,,,,,,,,,,,,,,,,,,,,,,,,,,,,,,,,,
2025-03-31,,,,,,,,,,,,,,,,,,,,,,,,,,,,,,,,,,MSFT,Balance Sheet,7433982235.0,7433982235.0,14053000000.0,60567000000.0,178594000000.0,364772000000.0,42438000000.0,178594000000.0,321891000000.0,361773000000.0,321891000000.0,321891000000.0,-4833000000.0,-4833000000.0,219759000000.0,106965000000.0,106965000000.0,240733000000.0,126527000000.0,38536000000.0,25061000000.0,57568000000.0,39882000000.0,114206000000.0,22937000000.0,44636000000.0,44636000000.0,2999000000.0,2999000000.0,2999000000.0,0.0,33055000000.0,,33055000000.0,6805000000.0,6805000000.0,26250000000.0,562624000000.0,405980000000.0,38234000000.0,,,15762000000.0,2275000000.0,2275000000.0,208414000000.0,-87074000000.0,295488000000.0,,,,,156644000000.0,24478000000.0,848000000.0,508000000.0,327000000.0,51700000000.0,,51700000000.0,79612000000.0,50784000000.0,28828000000.0,18148000000.0,10680000000.0,,,,,,,,,,,,,,,,,,,,,,,,,,,,,,,,,,,,,,,,,,,,,,,,,,,,,,,,,,,,,17686000000.0,5362000000.0,2840000000.0,2522000000.0,17686000000.0,10579000000.0,273000000.0,,13487000000.0,143297000000.0,23968000000.0,119329000000.0,295488000000.0,,6000000.0,13000000.0,-695000000.0,52395000000.0,,,,,,,,,,,,,,,,,,,,,,,,,,,,,,,,,,,,,,,,,,,,,,
2024-12-31,,,,,,,,,,,,,,,,,,,,,,,,,,,,,,,,,,MSFT,Balance Sheet,7435256940.0,7435256940.0,27488000000.0,62224000000.0,158119000000.0,347665000000.0,38198000000.0,158119000000.0,302695000000.0,342417000000.0,302695000000.0,302695000000.0,-5616000000.0,-5616000000.0,203482000000.0,104829000000.0,104829000000.0,231203000000.0,122321000000.0,35906000000.0,24389000000.0,56976000000.0,39722000000.0,108882000000.0,20286000000.0,45508000000.0,45508000000.0,5248000000.0,5248000000.0,5248000000.0,0.0,28664000000.0,,28664000000.0,6056000000.0,6056000000.0,22608000000.0,533898000000.0,386818000000.0,36943000000.0,,,15581000000.0,2277000000.0,2277000000.0,189718000000.0,-82820000000.0,272538000000.0,,,,,147080000000.0,26428000000.0,909000000.0,557000000.0,345000000.0,48188000000.0,,48188000000.0,71551000000.0,54069000000.0,17482000000.0,7835000000.0,9647000000.0,,,,,,,,,,,,,,,,,,,,,,,,,,,,,,,,,,,,,,,,,,,,,,,,,,,,,,,,,,,,,17254000000.0,5050000000.0,2537000000.0,2513000000.0,17254000000.0,9176000000.0,0.0,,13304000000.0,144576000000.0,25385000000.0,119191000000.0,272538000000.0,,4000000.0,7000000.0,-662000000.0,48850000000.0,,,,,,,,,,,,,,,,,,,,,,,,,,,,,,,,,,,,,,,,,,,,,,
2024-09-30,,,,,,,,,,,,,,,,,,,,,,,,,,,,,,,,,,MSFT,Balance Sheet,,,,,,,,,,,,,,,,,,,,,,,,,,,,,,2249000000.0,0.0,,,,,,,,,,,,,,,,,,,,,,,,,1127000000.0,488000000.0,,,,,,,,,,,,,,,,,,,,,,,,,,,,,,,,,,,,,,,,,,,,,,,,,,,,,,,,,,,,,,,,,,,,,,,,,,,,,14278000000.0,,,,,,,11000000.0,,,,,,,,,,,,,,,,,,,,,,,,,,,,,,,,,,,,,,,,,,,,,,,,
2024-06-30,,,,,,,,,,,,,,,,,,,,,,,,,,,,,,,,,,MSFT,Balance Sheet,,,,,,,,,,,,,,,,,,,,,,,,,,,,,,2249000000.0,6693000000.0,,,,,,,,,,,,,,,,,,9594000000.0,100312000000.0,8163000000.0,0.0,,,,845000000.0,394000000.0,,,,,,,,,,,,,,,,,,,,,,,,,,,,,,,,,,,,,,,,,,,,,,,,,,,,,,,,,,,,,,,,,,,,,,,,,,,,,13100000000.0,,,,,93943000000.0,,7000000.0,,,,,,,,,,,,,,,,,,,,,,,,,,,,,,,,,,,,,,,,,,,,,,,,
2025-12-31,,,,,,,,,,,,,,,,,,,,,,,,,,,,,,,,,,MSFT,Cash Flow,,,,,,,,,,,,,,,,,,,,,,,,,,,,,,,,,,,,,,,,,,,,,,,,,,,,,,,,,,,,,,,,,,5882000000.0,-7415000000.0,-3000000000.0,,-29876000000.0,,24296000000.0,28849000000.0,-4564000000.0,-17617000000.0,-17617000000.0,-699000000.0,-6762000000.0,-6762000000.0,-7156000000.0,-7415000000.0,-3000000000.0,0.0,0.0,-3000000000.0,-3000000000.0,,-22705000000.0,-22705000000.0,-637000000.0,8263000000.0,18108000000.0,-9845000000.0,-29876000000.0,-29876000000.0,35758000000.0,35758000000.0,-9632000000.0,1609000000.0,-669000000.0,1197000000.0,1197000000.0,1197000000.0,70000000.0,-3436000000.0,-3436000000.0,,3219000000.0,9198000000.0,9198000000.0,38458000000.0,,,,,,,,,,,,,,,,,,,,,,,,,,,,,,,,,259000000.0,11000000.0,259000000.0,-455000000.0,-455000000.0,-8403000000.0,,,,,4446000000.0,4446000000.0,9198000000.0,-9931000000.0,,,,,,,,,,,,,,,,,,,,,,,,,,,,,,,,
2025-09-30,,,,,,,,,,,,,,,,,,,,,,,,,,,,,,,,,,MSFT,Cash Flow,,,,,,,,,,,,,,,,,,,,,,,,,,,,,,,,,,,,,,,,,,,,,,,,,,,,,,,,,,,,,,,,,,25663000000.0,-5650000000.0,0.0,,-19394000000.0,,28849000000.0,30242000000.0,-1301000000.0,-11799000000.0,-11799000000.0,-669000000.0,-6169000000.0,-6169000000.0,-4961000000.0,-5650000000.0,0.0,0.0,,0.0,0.0,,-34559000000.0,-34559000000.0,-6209000000.0,-8378000000.0,9293000000.0,-17671000000.0,-19394000000.0,-19394000000.0,45057000000.0,45057000000.0,-218000000.0,-5984000000.0,-1556000000.0,-614000000.0,-614000000.0,-614000000.0,-192000000.0,16490000000.0,16490000000.0,,2983000000.0,13061000000.0,13061000000.0,27747000000.0,,,,,,,,,,,,,,,,,,,,,,,,,,,,,,,,,689000000.0,-92000000.0,689000000.0,-578000000.0,-578000000.0,-8362000000.0,,,635000000.0,14000000.0,2491000000.0,2491000000.0,13061000000.0,-1656000000.0,-1656000000.0,,,,,,,,,,,,,,,,,,,,,,,,,,,,,,,
2025-06-30,,,,,,,,,,,,,,,,,,,,,,,,,,,,,,,,,,MSFT,Cash Flow,,,,,,,,,,,,,,,,,,,,,,,,,,,,,,,,,,,,,,,,,,,,,,,,,,,,,,,,,,,,,,,,,,25568000000.0,-4546000000.0,0.0,0.0,-17079000000.0,,30242000000.0,28828000000.0,1231000000.0,-10844000000.0,-10844000000.0,-677000000.0,-6169000000.0,-6169000000.0,-3998000000.0,-4546000000.0,0.0,0.0,,0.0,0.0,0.0,-30572000000.0,-30572000000.0,2642000000.0,-14392000000.0,7239000000.0,-21631000000.0,-17079000000.0,-17079000000.0,42647000000.0,42647000000.0,3303000000.0,4079000000.0,-3268000000.0,-652000000.0,-652000000.0,-652000000.0,-81000000.0,-16179000000.0,-16179000000.0,,3073000000.0,11203000000.0,11203000000.0,27233000000.0,,,,,,,,,,,,,,,,,,,,,,,,,,,,,,,,,548000000.0,183000000.0,548000000.0,-1743000000.0,-1743000000.0,19404000000.0,,,36000000.0,45000000.0,-2221000000.0,-2221000000.0,11203000000.0,-25000000.0,-25000000.0,,,,,,,,,,,,,,,,,,,,,,,,,,,,,,,
2025-03-31,,,,,,,,,,,,,,,,,,,,,,,,,,,,,,,,,,MSFT,Cash Flow,,,,,,,,,,,,,,,,,,,,,,,,,,,,,,,,,,,,,,,,,,,,,,,,,,,,,,,,,,,,,,,,,,20299000000.0,-4781000000.0,-2250000000.0,0.0,-16745000000.0,,28828000000.0,17482000000.0,11294000000.0,-13036000000.0,-13036000000.0,-382000000.0,-6169000000.0,-6169000000.0,-4235000000.0,-4781000000.0,-2250000000.0,0.0,,-2250000000.0,-2250000000.0,0.0,-12714000000.0,-12714000000.0,604000000.0,4408000000.0,8882000000.0,-4474000000.0,-16745000000.0,-16745000000.0,37044000000.0,37044000000.0,2042000000.0,2448000000.0,558000000.0,1179000000.0,1179000000.0,1179000000.0,52000000.0,-2461000000.0,-2461000000.0,,2980000000.0,8740000000.0,8740000000.0,25824000000.0,,,,,,,,,,,,,,,,,,,,,,,,,,,,,,,,,546000000.0,52000000.0,546000000.0,-981000000.0,-981000000.0,266000000.0,1298000000.0,1298000000.0,-135000000.0,24000000.0,-2244000000.0,-2244000000.0,8740000000.0,-187000000.0,-187000000.0,,,,,,,,,,,,,,,,,,,,,,,,,,,,,,,
2024-12-31,,,,,,,,,,,,,,,,,,,,,,,,,,,,,,,,,,MSFT,Cash Flow,,,,,,,,,,,,,,,,,,,,,,,,,,,,,,,,,,,,,,,,,,,,,,,,,,,,,,,,,,,,,,,,,,6487000000.0,-4986000000.0,0.0,0.0,-15804000000.0,,17482000000.0,20840000000.0,-3064000000.0,-11243000000.0,-11243000000.0,-343000000.0,-6170000000.0,-6170000000.0,-4730000000.0,-4986000000.0,0.0,0.0,0.0,0.0,0.0,0.0,-14112000000.0,-14112000000.0,-16000000.0,3113000000.0,5163000000.0,-2050000000.0,-15804000000.0,-15804000000.0,22291000000.0,22291000000.0,-11551000000.0,3933000000.0,-1442000000.0,958000000.0,958000000.0,958000000.0,711000000.0,-5978000000.0,-5978000000.0,,3089000000.0,5667000000.0,5667000000.0,24108000000.0,,,,,,,,,,,,,,,,,,,,,,,,,,,,,,,,,256000000.0,-294000000.0,256000000.0,-1405000000.0,-1405000000.0,-9733000000.0,-3395000000.0,-3395000000.0,-25000000.0,867000000.0,-1158000000.0,-1158000000.0,5667000000.0,2136000000.0,134000000.0,,,,,,,,,,,,,,,,,,,,,,,,,,,,,,,
2024-09-30,,,,,,,,,,,,,,,,,,,,,,,,,,,,,,,,,,MSFT,Cash Flow,,,,,,,,,,,,,,,,,,,,,,,,,,,,,,,,,,,,,,,,,,,,,,,,,,,,,,,,,,,,,,,,,,,,,0.0,,,,,,,,,,,,,,,,,,0.0,,,,,,,,,,,,,,,,,,,,,,,,,,,,,,,,,,,,,,,,,,,,,,,,,,,,,,,,,,,,,,,1016000000.0,1016000000.0,-412000000.0,7000000.0,,,,,280000000.0,,,,,,,,,,,,,,,,,,,,,,,,,,,,,,,
2024-06-30,,,,,,,,,,,,,,,,,,,,,,,,,,,,,,,,,,MSFT,Cash Flow,,,,,,,,,,,,,,,,,,,,,,,,,,,,,,,,,,,,,,,,,,,,,,,,,,,,,,,,,,,,,,,,,,,,,5447000000.0,,,,,,,,,,,,,,,,,,197000000.0,,,,,,,,,,,,,,,,,,,,,,,,,,,,,,,,,,,,,,,,,,,,,,,,,,,,,,,,,,,,,,,-806000000.0,-806000000.0,,,,,,,,,,,,,,,,,,,,,,,,,,,,,,,,,,,,,,
2025-12-31,262555564.077,0.119181,43252000000.0,34455000000.0,6040000000.0,45767000000.0,45455000000.0,39415000000.0,32514555564.077,34455000000.0,77895000000.0,35934000000.0,12228000000.0,12073000000.0,2.82,2.85,34455000000.0,34455000000.0,34455000000.0,34455000000.0,34455000000.0,4662000000.0,39117000000.0,2272000000.0,69000000.0,35934000000.0,32128000000.0,18572000000.0,13556000000.0,68062000000.0,45767000000.0,113829000000.0,113829000000.0,GOOGL,Income,,,,,,,,,,,,,,,,,,,,,,,,,,,,,,,,,,,,,,,,,,,,,,,,,,,,,,,,,,,,,,,,,,,,,,,,,,,,,,,,,,,,,,,,,,,,,,,,,,,,,,,,,,,,,,,,2203000000.0,2203000000.0,911000000.0,298000000.0,1209000000.0,-86000000.0,86000000.0,2289000000.0,911000000.0,298000000.0,1209000000.0,8215000000.0,5341000000.0,5341000000.0,,,,,,,,,,,,,,,,,,,,,,,,,,,,,,,,,,,,,,,,,,,,,,,,,,,,,,,,,,,,,,,,
2025-09-30,2190015000.0,0.205,39058000000.0,34979000000.0,5611000000.0,41369000000.0,49741000000.0,44130000000.0,26486015000.0,34979000000.0,71118000000.0,31228000000.0,12203000000.0,12086000000.0,2.87,2.89,34979000000.0,34979000000.0,34979000000.0,34979000000.0,34979000000.0,9008000000.0,43987000000.0,11826000000.0,1143000000.0,31228000000.0,29749000000.0,15151000000.0,14598000000.0,60977000000.0,41369000000.0,102346000000.0,102346000000.0,GOOGL,Income,,,,,,,,,,,,,,,,,,,,,,,,,,,,,,,,,,,,,,,,,,,,,,,,,,,,,,,,,,,,,,,,,,,,,,,,,,,,,,,,,,,,,,,,,,,,,,,,,,,,,,,,,,,,,,,,10683000000.0,10683000000.0,933000000.0,143000000.0,1076000000.0,-30000000.0,30000000.0,10713000000.0,933000000.0,143000000.0,1076000000.0,7205000000.0,7393000000.0,7393000000.0,,,,,,,,,,,,,,,,,,,,,,,,,,,,,,,,,,,,,,,,,,,,,,,,,,,,,,,,,,,,,,,,
2025-06-30,304369000.0,0.169,37391000000.0,28196000000.0,4998000000.0,39039000000.0,39192000000.0,34194000000.0,26699369000.0,28196000000.0,65157000000.0,31271000000.0,12198000000.0,12122000000.0,2.31,2.33,28196000000.0,28196000000.0,28196000000.0,28196000000.0,28196000000.0,5737000000.0,33933000000.0,1873000000.0,72000000.0,31271000000.0,26118000000.0,13808000000.0,12310000000.0,57389000000.0,39039000000.0,96428000000.0,96428000000.0,GOOGL,Income,,,,,,,,,,,,,,,,,,,,,,,,,,,,,,,,,,,,,,,,,,,,,,,,,,,,,,,,,,,,,,,,,,,,,,,,,,,,,,,,,,,,,,,,,,,,,,,,,,,,,,,,,,,,,,,,1801000000.0,1801000000.0,789000000.0,261000000.0,1050000000.0,419000000.0,-419000000.0,1382000000.0,789000000.0,261000000.0,1050000000.0,7101000000.0,5209000000.0,5209000000.0,,,,,,,,,,,,,,,,,,,,,,,,,,,,,,,,,,,,,,,,,,,,,,,,,,,,,,,,,,,,,,,,
2025-03-31,1700936000.0,0.173,36478000000.0,34540000000.0,4487000000.0,36361000000.0,46310000000.0,41823000000.0,26408936000.0,34540000000.0,59628000000.0,30606000000.0,12183000000.0,12183000000.0,2.81,2.84,34540000000.0,34540000000.0,34540000000.0,34540000000.0,34540000000.0,7249000000.0,41789000000.0,10216000000.0,384000000.0,30606000000.0,23267000000.0,13556000000.0,9711000000.0,53873000000.0,36361000000.0,90234000000.0,90234000000.0,GOOGL,Income,,,,,,,,,,,,,,,,,,,,,,,,,,,,,,,,,,,,,,,,,,,,,,,,,,,,,,,,,,,,,,,,,,,,,,,,,,,,,,,,,,,,,,,,,,,,,,,,,,,,,,,,,,,,,,,,9832000000.0,9832000000.0,967000000.0,34000000.0,1001000000.0,-22000000.0,22000000.0,9854000000.0,967000000.0,34000000.0,1001000000.0,6172000000.0,3539000000.0,3539000000.0,,,,,,,,,,,,,,,,,,,,,,,,,,,,,,,,,,2415000000.0,-22000000.0,,,,,,,,,,,,,,,,,,,,,,,,,,,,,
2024-12-31,-30974940.297119,0.177,36676000000.0,26536000000.0,4205000000.0,40613000000.0,36501000000.0,32296000000.0,26680025059.70288,26536000000.0,65497000000.0,30972000000.0,12348000000.0,12228000000.0,2.15,2.17,26536000000.0,26536000000.0,26536000000.0,26536000000.0,26536000000.0,5707000000.0,32243000000.0,236000000.0,411000000.0,30972000000.0,24884000000.0,13116000000.0,11768000000.0,55856000000.0,40613000000.0,96469000000.0,96469000000.0,GOOGL,Income,,,,,,,,,,,,,,,,,,,,,,,,,,,,,,,,,,,,,,,,,,,,,,,,,,,,,,,,,,,,,,,,,,,,,,,,,,,,,,,,,,,,,,,,,,,,,,,,,,,,,,,,,,,,,,,,-175000000.0,-175000000.0,1035000000.0,53000000.0,1088000000.0,-87000000.0,87000000.0,-88000000.0,1035000000.0,53000000.0,1088000000.0,7363000000.0,4405000000.0,4405000000.0,,,,,,,,,,,,,,,,,,,,,,,,,,,,,,,,,,,-87000000.0,,,,,,,,,,,,,,,,,,,,,,,,,,,,,
2024-09-30,,,,,,,,,,,,,,,,,,,,,,,,,,,,,,,,,,GOOGL,Income,,,,,,,,,,,,,,,,,,,,,,,,,,,,,,,,,,,,,,,,,,,,,,,,,,,,,,,,,,,,,,,,,,,,,,,,,,,,,,,,,,,,,,,,,,,,,,,,,,,,,,,,,,,,,,,,,,,,,,,,,,,,,,,,,,,,,,,,,,,,,,,,,,,,,,,,,,,,,,,,-107000000.0,,,,,,,,,,,,,,,,,,,,,,,,,,,,,
2024-06-30,,,,,,,,,,,,,,,,,,,,,,,,,,,,,,,,,,GOOGL,Income,,,,,,,,,,,,,,,,,,,,,,,,,,,,,,,,,,,,,,,,,,,,,,,,,,,,,,,,,,,,,,,,,,,,,,,,,,,,,,,,,,,,,,,,,,,,,,,,,,,,,,,,,,,,,,,,,,,,,,,,,,,,,,,,,,,,,,,,,,,,,,,,,,,,,,,,,,,,,,,,32000000.0,,,,,,,,,,,,,,,,,,,,,,,,,,,,,
2025-12-31,,,,,,,,,,,,,,,,,,,,,,,,,,,,,,,,,,GOOGL,Balance Sheet,12088000000.0,12088000000.0,15839000000.0,59291000000.0,381885000000.0,461812000000.0,103293000000.0,381885000000.0,415265000000.0,461812000000.0,415265000000.0,415265000000.0,-1916000000.0,-1916000000.0,324055000000.0,93126000000.0,93126000000.0,180016000000.0,77271000000.0,8449000000.0,9531000000.0,59291000000.0,46547000000.0,102745000000.0,,6578000000.0,6578000000.0,,,,,78621000000.0,64948000000.0,13673000000.0,523000000.0,523000000.0,12200000000.0,595281000000.0,389243000000.0,16245000000.0,9113000000.0,9113000000.0,68687000000.0,68687000000.0,68687000000.0,261818000000.0,-98485000000.0,360303000000.0,,,,0.0,206038000000.0,16309000000.0,,,,62886000000.0,,62886000000.0,126843000000.0,96135000000.0,30708000000.0,,,,,,,,,,,,,,,,,,,,,,,,,,,,,,,,,,,,,,,,,,,,,,,,,,,,,,,,,,,,,,,12744000000.0,,,,12744000000.0,17546000000.0,,,,33380000000.0,,33380000000.0,311955000000.0,48348000000.0,,,-924000000.0,63810000000.0,,,,,,,,,,,,,,,,,,0.0,,950000000.0,,,,,,,,,,,,,,,,,,,,,,,,,,
2025-09-30,,,,,,,,,,,,,,,,,,,,,,,,,,,,,,,,,,GOOGL,Balance Sheet,12077000000.0,12077000000.0,,33713000000.0,353598000000.0,408474000000.0,74397000000.0,353598000000.0,386867000000.0,408474000000.0,386867000000.0,386867000000.0,-2054000000.0,-2054000000.0,297226000000.0,91695000000.0,91695000000.0,149602000000.0,50052000000.0,6267000000.0,10072000000.0,33713000000.0,21607000000.0,99550000000.0,10564000000.0,5542000000.0,5542000000.0,,,,,69500000000.0,54399000000.0,15101000000.0,551000000.0,551000000.0,10546000000.0,536469000000.0,362522000000.0,16811000000.0,10331000000.0,10331000000.0,63800000000.0,63800000000.0,63800000000.0,238311000000.0,-93950000000.0,332261000000.0,,,,0.0,173947000000.0,18303000000.0,,,,57148000000.0,,57148000000.0,98496000000.0,75406000000.0,23090000000.0,11040000000.0,12050000000.0,,,,,,,,,,,,,,,,,,,,,,,,,,,,,,,,,,,,,,,,,,,,,,,,,,,,,,,,,,,,,12106000000.0,,,,12106000000.0,13944000000.0,,,,33269000000.0,,33269000000.0,286546000000.0,45715000000.0,,,-918000000.0,58066000000.0,,,,,,,,,,,,,,,,,,0.0,,4004000000.0,,,,,,,,,,,,,,,,,,,,,,,,,,
2025-06-30,,,,,,,,,,,,,,,,,,,,,,,,,,,,,,,,,,GOOGL,Balance Sheet,12104000000.0,12104000000.0,2571000000.0,35559000000.0,330581000000.0,386523000000.0,78906000000.0,330581000000.0,362916000000.0,386523000000.0,362916000000.0,362916000000.0,-2127000000.0,-2127000000.0,275760000000.0,89283000000.0,89283000000.0,139137000000.0,51827000000.0,6241000000.0,10027000000.0,35559000000.0,23607000000.0,87310000000.0,7099000000.0,4969000000.0,4969000000.0,,,,,63074000000.0,50829000000.0,12245000000.0,786000000.0,786000000.0,8347000000.0,502053000000.0,335837000000.0,14153000000.0,19289000000.0,19289000000.0,52574000000.0,52574000000.0,52574000000.0,217486000000.0,-89349000000.0,306835000000.0,,,,0.0,166216000000.0,16020000000.0,,,,55048000000.0,,55048000000.0,95148000000.0,74112000000.0,21036000000.0,9413000000.0,11623000000.0,,,,,,,,,,,,,,,,,,,,,,,,,,,,,,,,,,,,,,,,,,,,,,,,,,,,,,,,,,,,,11952000000.0,,,,11952000000.0,12168000000.0,,,,32335000000.0,,32335000000.0,261342000000.0,45493000000.0,,,-878000000.0,55926000000.0,,,,,,,,,,,,,,,,,,0.0,,3112000000.0,,,,,,,,,,,,,,,,,,,,,,,,,,
2025-03-31,,,,,,,,,,,,,,,,,,,,,,,,,,,,,,,,,,GOOGL,Balance Sheet,12155000000.0,12155000000.0,,23564000000.0,313094000000.0,357153000000.0,70398000000.0,313094000000.0,345267000000.0,356153000000.0,345267000000.0,345267000000.0,-4086000000.0,-4086000000.0,262628000000.0,86725000000.0,86725000000.0,130107000000.0,38453000000.0,6116000000.0,9773000000.0,22564000000.0,10886000000.0,91654000000.0,6534000000.0,4908000000.0,4908000000.0,1000000000.0,1000000000.0,1000000000.0,,69228000000.0,46682000000.0,22546000000.0,9160000000.0,9160000000.0,8497000000.0,475374000000.0,313322000000.0,12950000000.0,18386000000.0,18386000000.0,51029000000.0,51029000000.0,51029000000.0,198784000000.0,-83778000000.0,282562000000.0,,,,0.0,162052000000.0,15724000000.0,,,,51000000000.0,,51000000000.0,95328000000.0,72064000000.0,23264000000.0,13319000000.0,9945000000.0,,,,,,,,,,,,,,,,,,,,,,,,,,,,,,,,,,,,,,,,,,,,,,,,,,,,,,,,,,,,,11678000000.0,,,,11678000000.0,9984000000.0,,,,32173000000.0,,32173000000.0,237691000000.0,44871000000.0,,,-915000000.0,51915000000.0,,,,,,,,,,,,,,,,,,0.0,,4889000000.0,,,,,,,,,,,,,,,,,,,,,,,,,,
2024-12-31,,,,,,,,,,,,,,,,,,,,,,,,,,,,,,,,,,GOOGL,Balance Sheet,12211000000.0,12211000000.0,,22574000000.0,293199000000.0,335967000000.0,74589000000.0,293199000000.0,325084000000.0,335967000000.0,325084000000.0,325084000000.0,-4800000000.0,-4800000000.0,245084000000.0,84800000000.0,84800000000.0,125172000000.0,36050000000.0,4694000000.0,8782000000.0,22574000000.0,10883000000.0,89122000000.0,6322000000.0,5036000000.0,5036000000.0,2887000000.0,,,,69017000000.0,54259000000.0,14758000000.0,2905000000.0,2905000000.0,7987000000.0,450256000000.0,286545000000.0,14874000000.0,17180000000.0,17180000000.0,37982000000.0,37982000000.0,37982000000.0,184624000000.0,-79390000000.0,264014000000.0,,,,0.0,163711000000.0,15714000000.0,,,,52340000000.0,,52340000000.0,95657000000.0,72191000000.0,23466000000.0,,,,,,,,,,,,,,,,,,,,,,,,,,,,,,,,,,,,,,,,,,,,,,,,,,,,,,,,,,,,,,,11691000000.0,,,,11691000000.0,15069000000.0,,,,31885000000.0,,31885000000.0,218611000000.0,45403000000.0,,,-879000000.0,53219000000.0,,,,,,,,,,,,,,,,,,0.0,2887000000.0,3866000000.0,,,,,,,,,,,,,,,,,,,,,,,,,,
2024-09-30,,,,,,,,,,,,,,,,,,,,,,,,,,,,,,,,,,GOOGL,Balance Sheet,,,,,,,,,,,,,,,,,,,,,,,,,6851000000.0,,,2971000000.0,,,,,,,,,,,,,,,,,,,,,12468000000.0,625000000.0,80300000000.0,,,,,,,,,,,,,9209000000.0,10750000000.0,,,,,,,,,,,,,,,,,,,,,,,,,,,,,,,,,,,,,,,,,,,,,,,,,,,,,,,,,,,,,,1721000000.0,1015000000.0,706000000.0,,,,,,,,,,,,,,,,,,,,,,,,,,,,,,,,,2971000000.0,,46009000000.0,,,,,,,,,,,,,,,,,,,,,,,,,
2024-06-30,,,,,,,,,,,,,,,,,,,,,,,,,,,,,,,,,,GOOGL,Balance Sheet,,,,,,,,,,,,,,,,,,,,,,,,,,,,2855000000.0,,,,,,,,,,,,,,,,,,,,,12010000000.0,584000000.0,78641000000.0,,,,,,,,,,,,,15354000000.0,11871000000.0,,,,,,,,,,,,,,,,,,,,,,,,,,,,,,,,,,,,,,,,,,,,,,,,,,,,,,,,,,,,,,1702000000.0,985000000.0,717000000.0,,,,,,,,,,,,,,,,,,,,,,,,,,,,,,,,,2855000000.0,,40742000000.0,,,,,,,,,,,,,,,,,,,,,,,,,
2025-12-31,,,,,,,,,,,,,,,,,,,,,,,,,,,,,,,,,,GOOGL,Cash Flow,,,,,,,,,,,,,,,,,,,,,,,,,,,,,,,,,,,,,,,,,,,,,,,,,,,,,,,,,,,,,,,,,,24551000000.0,-5499000000.0,-6333000000.0,26562000000.0,-27851000000.0,,30708000000.0,23090000000.0,7654000000.0,7028000000.0,7028000000.0,0.0,-2536000000.0,-2536000000.0,-5499000000.0,-5499000000.0,20229000000.0,,,20229000000.0,-6333000000.0,26562000000.0,-51776000000.0,-51776000000.0,-525000000.0,-23233000000.0,22110000000.0,-45343000000.0,-27851000000.0,-27851000000.0,52402000000.0,52402000000.0,4707000000.0,,-482000000.0,12509000000.0,4970000000.0,1678000000.0,,-5197000000.0,-5197000000.0,1265000000.0,7071000000.0,6040000000.0,6040000000.0,34455000000.0,,,,,,,,,,,,,,,,,,,,,,,,,,,,,,,,,,-36000000.0,,-167000000.0,-167000000.0,-2123000000.0,,,,,1218000000.0,1218000000.0,6040000000.0,-2354000000.0,-2354000000.0,,,,,,,-5166000000.0,7539000000.0,,,,,,,,,,,,,,,,,,,,,,,
2025-09-30,,,,,,,,,,,,,,,,,,,,,,,,,,,,,,,,,,GOOGL,Cash Flow,,,,,,,,,,,,,,,,,,,,,,,,,,,,,,,,,,,,,,,,,,,,,,,,,,,,,,,,,,,,,,,,,,24461000000.0,-11504000000.0,-7697000000.0,6624000000.0,-23953000000.0,,23090000000.0,21036000000.0,2254000000.0,-18383000000.0,-18383000000.0,0.0,-2536000000.0,-2536000000.0,-11504000000.0,-11504000000.0,-1073000000.0,,,-1073000000.0,-7697000000.0,6624000000.0,-27777000000.0,-27777000000.0,-1482000000.0,-1270000000.0,20694000000.0,-21964000000.0,-23953000000.0,-23953000000.0,48414000000.0,48414000000.0,3783000000.0,,-1293000000.0,4342000000.0,-3736000000.0,-444000000.0,,-2381000000.0,-2381000000.0,-198000000.0,6368000000.0,5611000000.0,5611000000.0,34979000000.0,,,,,,,,,,,,,,,,,,,,,,,,,,,,,,,,,,-200000000.0,,-1072000000.0,-1072000000.0,3115000000.0,,,,,8726000000.0,8726000000.0,5611000000.0,-10855000000.0,-10855000000.0,,,,,,,-3270000000.0,8078000000.0,,,,,,,,,,,,,,,,,,,,,,,
2025-06-30,,,,,,,,,,,,,,,,,,,,,,,,,,,,,,,,,,GOOGL,Cash Flow,,,,,,,,,,,,,,,,,,,,,,,,,,,,,,,,,,,,,,,,,,,,,,,,,,,,,,,,,,,,,,,,,,5301000000.0,-13638000000.0,-13876000000.0,26846000000.0,-22446000000.0,,21036000000.0,23264000000.0,-2629000000.0,-5832000000.0,-5832000000.0,0.0,-2543000000.0,-2543000000.0,-13638000000.0,-13638000000.0,12970000000.0,,,12970000000.0,-13876000000.0,26846000000.0,-24544000000.0,-24544000000.0,-513000000.0,-1572000000.0,21199000000.0,-22771000000.0,-22446000000.0,-22446000000.0,27747000000.0,27747000000.0,-10110000000.0,,-1479000000.0,3703000000.0,553000000.0,553000000.0,,-2839000000.0,-2839000000.0,560000000.0,5998000000.0,4998000000.0,4998000000.0,28196000000.0,,,,,,,,,,,,,,,,,,,,,,,,,,,,,,,,,,401000000.0,,-13000000.0,-13000000.0,-9495000000.0,,,,,-444000000.0,-444000000.0,4998000000.0,-1451000000.0,-1451000000.0,,,,,,,-2621000000.0,3150000000.0,,,,,,,,,,,,,,,,,,,,,,,
2025-03-31,,,,,,,,,,,,,,,,,,,,,,,,,,,,,,,,,,GOOGL,Cash Flow,,,,,,,,,,,,,,,,,,,,,,,,,,,,,,,,,,,,,,,,,,,,,,,,,,,,,,,,,,,,,,,,,,18953000000.0,-15068000000.0,-4521000000.0,4532000000.0,-17197000000.0,,23264000000.0,23466000000.0,-245000000.0,-20201000000.0,-20201000000.0,400000000.0,-2434000000.0,-2434000000.0,-15068000000.0,-15068000000.0,11000000.0,,,11000000.0,-4521000000.0,4532000000.0,-16194000000.0,-16194000000.0,150000000.0,1193000000.0,20604000000.0,-19411000000.0,-17197000000.0,-17197000000.0,36150000000.0,36150000000.0,2238000000.0,,-1288000000.0,-5809000000.0,-880000000.0,-880000000.0,,1638000000.0,1638000000.0,481000000.0,5516000000.0,4487000000.0,4487000000.0,34540000000.0,,,,,,,,,,,,,,,,,,,,,,,,,,,,,,,,,,43000000.0,,-340000000.0,-340000000.0,7697000000.0,,,,,-1152000000.0,-1152000000.0,4487000000.0,-9960000000.0,-9960000000.0,,,,,,,-3110000000.0,-4929000000.0,,,,,,,,,,,,,,,,,,,,,,,
2024-12-31,,,,,,,,,,,,,,,,,,,,,,,,,,,,,,,,,,GOOGL,Cash Flow,,,,,,,,,,,,,,,,,,,,,,,,,,,,,,,,,,,,,,,,,,,,,,,,,,,,,,,,,,,,,,,,,,24837000000.0,-15551000000.0,-3750000000.0,4895000000.0,-14276000000.0,,23466000000.0,19959000000.0,3897000000.0,-19036000000.0,-19036000000.0,861000000.0,-2442000000.0,-2442000000.0,-15551000000.0,-15551000000.0,1145000000.0,,,1145000000.0,-3750000000.0,4895000000.0,-16180000000.0,-16180000000.0,-167000000.0,-1646000000.0,21799000000.0,-23445000000.0,-14276000000.0,-14276000000.0,39113000000.0,39113000000.0,3116000000.0,,937000000.0,8984000000.0,3198000000.0,401000000.0,,-4570000000.0,-4570000000.0,827000000.0,5810000000.0,4205000000.0,4205000000.0,26536000000.0,,,,,,,,,,,,,,,,,,,,,,,,,,,,,,,,,,-390000000.0,,-91000000.0,-91000000.0,-2235000000.0,,,,,-1448000000.0,-1448000000.0,4205000000.0,67000000.0,67000000.0,,,,,,,-3049000000.0,5786000000.0,,,,,,,,,,,,,,,,,,,,,,,
2025-12-31,-44580863.674852,0.275191,3071000000.0,840000000.0,1643000000.0,19892000000.0,2909000000.0,1266000000.0,957419136.325148,840000000.0,23330000000.0,1409000000.0,3539000000.0,3231000000.0,0.24,0.26,840000000.0,840000000.0,840000000.0,856000000.0,856000000.0,325000000.0,1181000000.0,-754000000.0,-592000000.0,1571000000.0,3438000000.0,1783000000.0,1655000000.0,5009000000.0,19892000000.0,24901000000.0,24901000000.0,TSLA,Income,,,,,,,,,,,,,,,,,,,,,,,,,,,,,,,,,,,,,,,,,,,,,,,,,,,,,,,,,,,,,,,,,,,,,,,,,,,,,,,,,,,,,,,,,,,,,,,,,,,,,,,,,,,,,,,,-162000000.0,-162000000.0,364000000.0,85000000.0,449000000.0,-162000000.0,,,364000000.0,85000000.0,449000000.0,,,,,,,,,,,,,,,,,,,,,,,,,,,,,,,,,,,,,,,,,,,,,,,-16000000.0,162000000.0,,,,,,,,,,,,,,,,,,,
2025-09-30,-69020000.0,0.29,3898000000.0,1373000000.0,1625000000.0,23041000000.0,3660000000.0,2035000000.0,1541980000.0,1373000000.0,26233000000.0,1624000000.0,3526000000.0,3227000000.0,0.39,0.43,1373000000.0,1373000000.0,1373000000.0,1389000000.0,1389000000.0,570000000.0,1959000000.0,-266000000.0,-28000000.0,1862000000.0,3192000000.0,1630000000.0,1562000000.0,5054000000.0,23041000000.0,28095000000.0,28095000000.0,TSLA,Income,,,,,,,,,,,,,,,,,,,,,,,,,,,,,,,,,,,,,,,,,,,,,,,,,,,,,,,,,,,,,,,,,,,,,,,,,,,,,,,,,,,,,,,,,,,,,,,,,,,,,,,,,,,,,,,,-238000000.0,-238000000.0,363000000.0,76000000.0,439000000.0,-238000000.0,,,363000000.0,76000000.0,439000000.0,,,,,,,,,,,,,,,,,,,,,,,,,,,,,,,,,,,,,,,,,,,,,,,-16000000.0,238000000.0,,,,,,,,,,,,,,,,,,,
2025-06-30,0.0,0.23,3068000000.0,1172000000.0,1433000000.0,18618000000.0,3068000000.0,1635000000.0,1172000000.0,1172000000.0,21573000000.0,923000000.0,3519000000.0,3223000000.0,0.33,0.36,1172000000.0,1172000000.0,1172000000.0,1190000000.0,1190000000.0,359000000.0,1549000000.0,320000000.0,320000000.0,923000000.0,2955000000.0,1589000000.0,1366000000.0,3878000000.0,18618000000.0,22496000000.0,22496000000.0,TSLA,Income,,,,,,,,,,,,,,,,,,,,,,,,,,,,,,,,,,,,,,,,,,,,,,,,,,,,,,,,,,,,,,,,,,,,,,,,,,,,,,,,,,,,,,,,,,,,,,,,,,,,,,,,,,,,,,,,0.0,0.0,306000000.0,86000000.0,392000000.0,0.0,,,306000000.0,86000000.0,392000000.0,,,,,,,,,,,,,,,,,,,,,,,,,,,,,,,,,,,,,,,,,,,,,228000000.0,,-18000000.0,0.0,,,,,,,,,,,,,,,,,,,
2025-03-31,-27260000.0,0.29,2221000000.0,409000000.0,1447000000.0,16182000000.0,2127000000.0,680000000.0,475740000.0,409000000.0,18842000000.0,399000000.0,3521000000.0,3218000000.0,0.12,0.13,409000000.0,409000000.0,409000000.0,420000000.0,420000000.0,169000000.0,589000000.0,-213000000.0,-119000000.0,493000000.0,2660000000.0,1409000000.0,1251000000.0,3153000000.0,16182000000.0,19335000000.0,19335000000.0,TSLA,Income,,,,,,,,,,,,,,,,,,,,,,,,,,,,,,,,,,,,,,,,,,,,,,,,,,,,,,,,,,,,,,,,,,,,,,,,,,,,,,,,,,,,,,,,,,,,,,,,,,,,,,,,,,,,,,,,-94000000.0,-94000000.0,309000000.0,91000000.0,400000000.0,-94000000.0,,,309000000.0,91000000.0,400000000.0,,,,,,,,,,,,,,,,,,,,,,,,,,,,,,,,,,,,,,,,,,,,,239000000.0,0.0,-11000000.0,94000000.0,,,,,,,,,,,,,,,,,,,
2024-12-31,-1098336.948662,0.156905,4365000000.0,2314000000.0,1496000000.0,21528000000.0,4358000000.0,2862000000.0,2319901663.051338,2314000000.0,24117000000.0,1583000000.0,3517000000.0,3213000000.0,0.66,0.72,2314000000.0,2314000000.0,2314000000.0,2332000000.0,2332000000.0,434000000.0,2766000000.0,830000000.0,837000000.0,1590000000.0,2589000000.0,1276000000.0,1313000000.0,4179000000.0,21528000000.0,25707000000.0,25707000000.0,TSLA,Income,,,,,,,,,,,,,,,,,,,,,,,,,,,,,,,,,,,,,,,,,,,,,,,,,,,,,,,,,,,,,,,,,,,,,,,,,,,,,,,,,,,,,,,,,,,,,,,,,,,,,,,,,,,,,,,,-7000000.0,-7000000.0,346000000.0,96000000.0,442000000.0,-7000000.0,,,346000000.0,96000000.0,442000000.0,,,,,,,,,,,,,,,,,,,,,,,,,,,,,,,,,,,,,,,,,,,,,242000000.0,,-18000000.0,7000000.0,,,,,,,,,,,,,,,,,,,
2024-09-30,,,,,,,,,,,,,,,,,,,,,,,,,,,,,,,,,,TSLA,Income,,,,,,,,,,,,,,,,,,,,,,,,,,,,,,,,,,,,,,,,,,,,,,,,,,,,,,,,,,,,,,,,,,,,,,,,,,,,,,,,,,,,,,,,,,,,,,,,,,,,,,,,,,,,,,,,,,,,,,,,,,,,,,,,,,,,,,,,,,,,,,,,,,,,,,,,,,,,,,,,,,,,,,,247000000.0,0.0,,,,,,,,,,,,,,,,,,,,,
2024-06-30,,,,,,,,,,,,,,,,,,,,,,,,,,,,,,,,,,TSLA,Income,,,,,,,,,,,,,,,,,,,,,,,,,,,,,,,,,,,,,,,,,,,,,,,,,,,,,,,,,,,,,,,,,,,,,,,,,,,,,,,,,,,,,,,,,,,,,,,,,,,,,,,,,,,,,,,,,,,,,,,,,,,,,,,,,,,,,,,,,,,,,,,,,,,,,,,,,,,,,,,,,,,,,,,245000000.0,,,,,,,,,,,,,,,,,,,,,,
2025-12-31,,,,,,,,,,,,,,,,,,,,,,,,,,,,,,,,,,TSLA,Balance Sheet,3751000000.0,3751000000.0,,14719000000.0,80748000000.0,90290000000.0,36928000000.0,80748000000.0,82137000000.0,88721000000.0,82865000000.0,82137000000.0,361000000.0,361000000.0,39003000000.0,3000000.0,3000000.0,54941000000.0,23227000000.0,1339000000.0,,12125000000.0,6584000000.0,31714000000.0,1932000000.0,4735000000.0,4735000000.0,2594000000.0,1569000000.0,1569000000.0,,19449000000.0,4484000000.0,14965000000.0,1594000000.0,,13371000000.0,137806000000.0,69158000000.0,4664000000.0,6925000000.0,6925000000.0,,,,56180000000.0,-23443000000.0,79623000000.0,4439000000.0,30190000000.0,11837000000.0,6660000000.0,68642000000.0,7615000000.0,12392000000.0,4849000000.0,4522000000.0,4576000000.0,,4576000000.0,44059000000.0,27546000000.0,16513000000.0,1890000000.0,14623000000.0,,,,,,,,,,,,,,,,,,,,,,,,,,,,,,,,,,,,,,,,,,,,,,,,,,,,,,,,,,,,,6566000000.0,3631000000.0,3631000000.0,,5541000000.0,,,,,1389000000.0,1132000000.0,257000000.0,17711000000.0,,,1725000000.0,,,,,,,,,,,,,,,,,,,,0.0,1025000000.0,,8786000000.0,,,,,,,,728000000.0,42770000000.0,6132000000.0,0.0,3004000000.0,,1296000000.0,,,,,,,,,,,
2025-09-30,,,,,,,,,,,,,,,,,,,,,,,,,,,,,,,,,,TSLA,Balance Sheet,3324000000.0,3324000000.0,,13788000000.0,79582000000.0,87431000000.0,33363000000.0,79582000000.0,79970000000.0,85579000000.0,80716000000.0,79970000000.0,207000000.0,207000000.0,38163000000.0,3000000.0,3000000.0,53019000000.0,21729000000.0,1275000000.0,,10943000000.0,5609000000.0,31290000000.0,1846000000.0,5080000000.0,5080000000.0,2845000000.0,1852000000.0,1852000000.0,,18737000000.0,4556000000.0,14181000000.0,1362000000.0,,12819000000.0,133735000000.0,69082000000.0,5860000000.0,6637000000.0,6637000000.0,1315000000.0,,,54882000000.0,-18983000000.0,73865000000.0,4260000000.0,28289000000.0,11476000000.0,0.0,64653000000.0,6027000000.0,12276000000.0,4416000000.0,4863000000.0,4703000000.0,,4703000000.0,41647000000.0,23358000000.0,18289000000.0,1174000000.0,17115000000.0,,,,,,,,,,,,,,,,,,,,,,,,,,,,,,,,,,,,,,,,,,,,,,,,,,,,,,,,,,,,,6327000000.0,3746000000.0,3746000000.0,,5334000000.0,,,,,388000000.0,131000000.0,257000000.0,21794000000.0,,,1652000000.0,,,,,,,,,,,,,,,,,,,,0.0,993000000.0,,8046000000.0,,,,,,,,746000000.0,41597000000.0,5765000000.0,0.0,2782000000.0,1315000000.0,1345000000.0,,,,,,,,,,,
2025-06-30,,,,,,,,,,,,,,,,,,,,,,,,,,,,,,,,,,TSLA,Balance Sheet,3224000000.0,3224000000.0,,13134000000.0,76918000000.0,84270000000.0,31125000000.0,76918000000.0,77314000000.0,82308000000.0,78072000000.0,77314000000.0,158000000.0,158000000.0,36790000000.0,3000000.0,3000000.0,50495000000.0,20487000000.0,1235000000.0,,10202000000.0,4994000000.0,30008000000.0,1613000000.0,4649000000.0,4649000000.0,2932000000.0,1962000000.0,1962000000.0,,18203000000.0,3940000000.0,14263000000.0,1051000000.0,,13212000000.0,128567000000.0,67434000000.0,4857000000.0,6721000000.0,6721000000.0,1235000000.0,,,54225000000.0,-17828000000.0,72053000000.0,4116000000.0,27739000000.0,11290000000.0,0.0,61133000000.0,5943000000.0,14570000000.0,6388000000.0,5088000000.0,3838000000.0,,3838000000.0,36782000000.0,21195000000.0,15587000000.0,963000000.0,14624000000.0,,,,,,,,,,,,,,,,,,,,,,,,,,,,,,,,,,,,,,,,,,,,,,,,,,,,,,,,,,,,,6178000000.0,3764000000.0,3764000000.0,,5208000000.0,,,,,396000000.0,138000000.0,258000000.0,21169000000.0,,,1603000000.0,,,,,,,,,,,,,,,,,,,,0.0,970000000.0,,7739000000.0,,,,,,,,758000000.0,40363000000.0,5286000000.0,0.0,2611000000.0,1235000000.0,1491000000.0,,,,,,,,,,,
2025-03-31,,,,,,,,,,,,,,,,,,,,,,,,,,,,,,,,,,TSLA,Balance Sheet,3220000000.0,3220000000.0,,13128000000.0,74261000000.0,81897000000.0,29636000000.0,74261000000.0,74653000000.0,79733000000.0,75418000000.0,74653000000.0,-424000000.0,-424000000.0,35618000000.0,3000000.0,3000000.0,49693000000.0,19940000000.0,1120000000.0,,10049000000.0,5080000000.0,29753000000.0,1352000000.0,4256000000.0,4256000000.0,3079000000.0,2164000000.0,2164000000.0,,18673000000.0,4026000000.0,14647000000.0,1176000000.0,,13471000000.0,125111000000.0,65722000000.0,4942000000.0,6687000000.0,6687000000.0,951000000.0,,,52750000000.0,-16668000000.0,69418000000.0,3883000000.0,27276000000.0,10914000000.0,0.0,59389000000.0,4905000000.0,13706000000.0,5247000000.0,5100000000.0,3782000000.0,,3782000000.0,36996000000.0,20644000000.0,16352000000.0,1452000000.0,14900000000.0,,,,,,,,,,,,,,,,,,,,,,,,,,,,,,,,,,,,,,,,,,,,,,,,,,,,,,,,,,,,,5884000000.0,3610000000.0,3610000000.0,,4969000000.0,,,,,392000000.0,144000000.0,248000000.0,20032000000.0,,,2024000000.0,,,,,,,,,,,,,,,,,,,,0.0,915000000.0,,7313000000.0,,,,,,,,765000000.0,39456000000.0,5161000000.0,0.0,2393000000.0,951000000.0,1335000000.0,,,,,,,,,,,
2024-12-31,,,,,,,,,,,,,,,,,,,,,,,,,,,,,,,,,,TSLA,Balance Sheet,3216000000.0,3216000000.0,,13623000000.0,71443000000.0,80791000000.0,29539000000.0,71443000000.0,72913000000.0,78448000000.0,73680000000.0,72913000000.0,-670000000.0,-670000000.0,35209000000.0,3000000.0,3000000.0,48390000000.0,19569000000.0,1093000000.0,,10360000000.0,5535000000.0,28821000000.0,1549000000.0,4161000000.0,4161000000.0,3263000000.0,2343000000.0,2343000000.0,,17626000000.0,3785000000.0,13841000000.0,1367000000.0,,12474000000.0,122070000000.0,63715000000.0,4215000000.0,6524000000.0,6524000000.0,,,,51506000000.0,-18898000000.0,70404000000.0,3688000000.0,28271000000.0,10677000000.0,6790000000.0,58360000000.0,5362000000.0,12017000000.0,3940000000.0,5242000000.0,4418000000.0,,4418000000.0,36563000000.0,20424000000.0,16139000000.0,1753000000.0,14386000000.0,,,,,,,,,,,,,,,,,,,,,,,,,,,,,,,,,,,,,,,,,,,,,,,,,,,,,,,,,,,,,5745000000.0,3317000000.0,3317000000.0,,4825000000.0,,,,,1470000000.0,1226000000.0,244000000.0,14195000000.0,,,1532000000.0,,,,,,,,,,,,,,,,,,,,0.0,920000000.0,,6783000000.0,,,,,,,,767000000.0,38371000000.0,4799000000.0,0.0,2222000000.0,,1303000000.0,,,,,,,,,,,
2024-09-30,,,,,,,,,,,,,,,,,,,,,,,,,,,,,,,,,,TSLA,Balance Sheet,,,,,,,,,,,,,,,,,,,,,,,,,,,,,,,,,,,,,,,,,,,184000000.0,,,,,,,,,,,,,,,,,,,,,,,,,,,,,,,,,,,,,,,,,,,,,,,,,,,,,,,,,,,,,,,,,,,,,,,,,,,,,,,,,,,,,,,,,,,,,,,,,,,,,,,,,,,,,,,,,,,,,,,,,,,,,,,,0.0,,,,,,184000000.0,,,,,,,,,,,,
2024-06-30,,,,,,,,,,,,,,,,,,,,,,,,,,,,,,,,,,TSLA,Balance Sheet,,,,,,,,,,,,,,,,,,,,,,,,,,,,,,,,,,,,,,,,,,,184000000.0,,,,,,,,,,,,,,,,,,,,,,,,,,,,,,,,,,,,,,,,,,,,,,,,,,,,,,,,,,,,,,,,,,,,,,,,,,,,,,,,,,,,,,,,,,,,,,,,,,,,,,,,,,,,,,,,,,,,,,,,,,,,,,,,0.0,,,,,,184000000.0,,,,,,,,,,,,
2025-12-31,,,,,,,,,,,,,,,,,,,,,,,,,,,,,,,,,,TSLA,Cash Flow,,,,,,,,,,,,,,,,,,,,,,,,,,,,,,,,,,,,,,,,,,,,,,,,,,,,,,,,,,,,,,,,,,1420000000.0,,-767000000.0,1354000000.0,-2393000000.0,,17616000000.0,19584000000.0,-2005000000.0,710000000.0,710000000.0,-23000000.0,,,,,587000000.0,,,587000000.0,-767000000.0,1354000000.0,-6528000000.0,-6528000000.0,,-4135000000.0,8072000000.0,-12207000000.0,-2393000000.0,-2393000000.0,3813000000.0,3813000000.0,-214000000.0,,-79000000.0,1397000000.0,,,-214000000.0,45000000.0,45000000.0,37000000.0,954000000.0,1643000000.0,1643000000.0,856000000.0,,,,,,,,,,,,,,,,,,,,,,,,,,,,,,,,,,37000000.0,,,,-462000000.0,,,,49000000.0,-111000000.0,-111000000.0,1643000000.0,599000000.0,,,,,,,,146000000.0,,,,,,,,,,,,,,-901000000.0,292000000.0,307000000.0,,,,,,,,
2025-09-30,,,,,,,,,,,,,,,,,,,,,,,,,,,,,,,,,,TSLA,Cash Flow,,,,,,,,,,,,,,,,,,,,,,,,,,,,,,,,,,,,,,,,,,,,,,,,,,,,,,,,,,,,,,,,,,3990000000.0,,-687000000.0,1182000000.0,-2248000000.0,,19584000000.0,16735000000.0,2866000000.0,983000000.0,983000000.0,-24000000.0,,,,,495000000.0,,,495000000.0,-687000000.0,1182000000.0,-4355000000.0,-4355000000.0,,-2107000000.0,9295000000.0,-11402000000.0,-2248000000.0,-2248000000.0,6238000000.0,6238000000.0,2083000000.0,,-11000000.0,1646000000.0,,,1991000000.0,-907000000.0,-907000000.0,162000000.0,663000000.0,1625000000.0,1625000000.0,1389000000.0,,,,,,,,,,,,,,,,,,,,,,,,,,,,,,,,,,-17000000.0,,,,507000000.0,,,,65000000.0,225000000.0,225000000.0,1625000000.0,26000000.0,,,,,,,,512000000.0,,,,,,,,,,,,,,-1143000000.0,106000000.0,,,,,,,,,
2025-06-30,,,,,,,,,,,,,,,,,,,,,,,,,,,,,,,,,,TSLA,Cash Flow,,,,,,,,,,,,,,,,,,,,,,,,,,,,,,,,,,,,,,,,,,,,,,,,,,,,,,,,,,,,,,,,,,146000000.0,,-2847000000.0,2425000000.0,-2394000000.0,,16735000000.0,17250000000.0,-626000000.0,-222000000.0,-222000000.0,-15000000.0,,,,,-422000000.0,,,-422000000.0,-2847000000.0,2425000000.0,-2944000000.0,-2944000000.0,,-550000000.0,6935000000.0,-7485000000.0,-2394000000.0,-2394000000.0,2540000000.0,2540000000.0,-673000000.0,,141000000.0,627000000.0,,,-703000000.0,-29000000.0,-29000000.0,27000000.0,635000000.0,1433000000.0,1433000000.0,1190000000.0,,,,,,,,,,,,,,,,,,,,,,,,,,,,,,,,,,111000000.0,,,,9000000.0,,,,136000000.0,52000000.0,52000000.0,1433000000.0,-260000000.0,,,,,,,,215000000.0,,,,,,,,,,,,,,-718000000.0,24000000.0,,,,,,,,,
2025-03-31,,,,,,,,,,,,,,,,,,,,,,,,,,,,,,,,,,TSLA,Cash Flow,,,,,,,,,,,,,,,,,,,,,,,,,,,,,,,,,,,,,,,,,,,,,,,,,,,,,,,,,,,,,,,,,,664000000.0,,-1349000000.0,625000000.0,-1492000000.0,,17250000000.0,17037000000.0,173000000.0,-332000000.0,-332000000.0,79000000.0,,,,,-724000000.0,,,-724000000.0,-1349000000.0,625000000.0,-1651000000.0,-1651000000.0,,-159000000.0,5856000000.0,-6015000000.0,-1492000000.0,-1492000000.0,2156000000.0,2156000000.0,-554000000.0,,-76000000.0,706000000.0,,,-1704000000.0,630000000.0,630000000.0,46000000.0,573000000.0,1447000000.0,1447000000.0,420000000.0,,,,,,,,,,,,,,,,,,,,,,,,,,,,,,,,,,40000000.0,,,,309000000.0,,,,112000000.0,-43000000.0,-43000000.0,1447000000.0,155000000.0,,,,,,,,313000000.0,,,,,,,,,,,,,,-419000000.0,30000000.0,125000000.0,,,,,,,,
2024-12-31,,,,,,,,,,,,,,,,,,,,,,,,,,,,,,,,,,TSLA,Cash Flow,,,,,,,,,,,,,,,,,,,,,,,,,,,,,,,,,,,,,,,,,,,,,,,,,,,,,,,,,,,,,,,,,,2034000000.0,,-807000000.0,1384000000.0,-2780000000.0,,17037000000.0,18974000000.0,-1804000000.0,985000000.0,985000000.0,-45000000.0,,,,,577000000.0,,,577000000.0,-807000000.0,1384000000.0,-7603000000.0,-7603000000.0,,-4823000000.0,10335000000.0,-15158000000.0,-2780000000.0,-2780000000.0,4814000000.0,4814000000.0,1030000000.0,,-508000000.0,1084000000.0,,,2044000000.0,-1227000000.0,-1227000000.0,89000000.0,579000000.0,1496000000.0,1496000000.0,2332000000.0,,,,,,,,,,,,,,,,,,,,,,,,,,,,,,,,,,-133000000.0,,0.0,,271000000.0,,,,88000000.0,59000000.0,59000000.0,1496000000.0,-859000000.0,,,,,,,,453000000.0,,,,,,,,,,,,,,-634000000.0,-270000000.0,,,,,,,,,
2024-09-30,,,,,,,,,,,,,,,,,,,,,,,,,,,,,,,,,,TSLA,Cash Flow,,,,,,,,,,,,,,,,,,,,,,,,,,,,,,,,,,,,,,,,,,,,,,,,,,,,,,,,,,,,,,,,,,,,,,,,,,,,,,,,,,,,,,,,,,,,,,,,,,,,,,,,,,,,,,,,,,,,,,,,,,,,,,,,,,,,,,,,,,,,,,,,,,,0.0,,,,,,,,,,,,,,,,,,,,,,,,,,,,,,,,,,,,,,,,,,
2025-12-31,227547603.833866,0.185905,45531000000.0,21192000000.0,19471000000.0,109959000000.0,46755000000.0,27284000000.0,20195547603.833866,21192000000.0,188409000000.0,24977000000.0,10863000000.0,10709000000.0,1.95,1.98,21192000000.0,21192000000.0,21192000000.0,21192000000.0,21192000000.0,4946000000.0,26605000000.0,1177000000.0,-47000000.0,24977000000.0,78450000000.0,,16968000000.0,103427000000.0,109959000000.0,213386000000.0,213386000000.0,AMZN,Income,,,,,,,,,,,,,,,,,,,,,,,,,,,,,,,,,,,,,,,,,,,,,,,,,,,,,,,,,,,,,,,,,,,,,,,,,,,,,,,,,,,,,,,,,,,,,,,,,,,,,,,,,,,,,,,,1224000000.0,1224000000.0,451000000.0,679000000.0,1130000000.0,,,1224000000.0,451000000.0,679000000.0,1130000000.0,14264000000.0,2704000000.0,2704000000.0,,,,,,,,,,,,,,,,,,,,,,,,,,,,,,,,,,,,,,,,,,,,,,,,,,,,,,,,,-467000000.0,61482000000.0,,,,,,
2025-09-30,2500796947.106851,0.245296,35309000000.0,21187000000.0,16796000000.0,88670000000.0,45504000000.0,28708000000.0,13492796947.106852,21187000000.0,162747000000.0,17422000000.0,10845000000.0,10674000000.0,1.95,1.98,21187000000.0,21187000000.0,21187000000.0,21187000000.0,21187000000.0,6910000000.0,28170000000.0,10186000000.0,-9000000.0,17422000000.0,74077000000.0,,14561000000.0,91499000000.0,88670000000.0,180169000000.0,180169000000.0,AMZN,Income,,,,,,,,,,,,,,,,,,,,,,,,,,,,,,,,,,,,,,,,,,,,,,,,,,,,,,,,,,,,,,,,,,,,,,,,,,,,,,,,,,,,,,,,,,,,,,,,,,,,,,,,,,,,,,,,10195000000.0,10195000000.0,562000000.0,538000000.0,1100000000.0,,,10195000000.0,562000000.0,538000000.0,1100000000.0,11686000000.0,2875000000.0,2875000000.0,,,,,,,,,,,,,,,,,,,,,,,,,,,,,,,,,,,,,,,,,,,,,,,,,,,,,,,,,-73000000.0,59516000000.0,,,,,,
2025-06-30,143677518.339167,0.128398,35481000000.0,18164000000.0,15227000000.0,80809000000.0,36600000000.0,21373000000.0,17188677518.33917,18164000000.0,148531000000.0,19171000000.0,10806000000.0,10637000000.0,1.68,1.71,18164000000.0,18164000000.0,18164000000.0,18164000000.0,18164000000.0,2678000000.0,20857000000.0,1117000000.0,-2000000.0,19171000000.0,67722000000.0,,14381000000.0,86893000000.0,80809000000.0,167702000000.0,167702000000.0,AMZN,Income,,,,,,,,,,,,,,,,,,,,,,,,,,,,,,,,,,,,,,,,,,,,,,,,,,,,,,,,,,,,,,,,,,,,,,,,,,,,,,,,,,,,,,,,,,,,,,,,,,,,,,,,,,,,,,,,1119000000.0,1119000000.0,569000000.0,516000000.0,1085000000.0,,,1119000000.0,569000000.0,516000000.0,1085000000.0,11416000000.0,2965000000.0,2965000000.0,,,,,,,,,,,,,,,,,,,,,,,,,,,,,,,,,,,,,,,,,,,,,,,,,,,,,,,,,-15000000.0,53341000000.0,,,,,,
2025-03-31,584272614.050464,0.210019,33700000000.0,17127000000.0,14262000000.0,76976000000.0,36482000000.0,22220000000.0,14929272614.050465,17127000000.0,137262000000.0,18405000000.0,10793000000.0,10603000000.0,1.59,1.62,17127000000.0,17127000000.0,17127000000.0,17127000000.0,17127000000.0,4553000000.0,21679000000.0,2749000000.0,-33000000.0,18405000000.0,60286000000.0,,12391000000.0,78691000000.0,76976000000.0,155667000000.0,155667000000.0,AMZN,Income,,,,,,,,,,,,,,,,,,,,,,,,,,,,,,,,,,,,,,,,,,,,,,,,,,,,,,,,,,,,,,,,,,,,,,,,,,,,,,,,,,,,,,,,,,,,,,,,,,,,,,,,,,,,,,,,2782000000.0,2782000000.0,525000000.0,541000000.0,1066000000.0,,,2782000000.0,525000000.0,541000000.0,1066000000.0,9763000000.0,2628000000.0,2628000000.0,,,,,,,,,,,,,,,,,,,,,,,,,,,,,,,,,,,,,,,,,,,,,,,,,,,,,,,,,1000000.0,47895000000.0,,,,,,
2024-12-31,59714081.166943,0.104032,37976000000.0,20004000000.0,15631000000.0,98893000000.0,38550000000.0,22919000000.0,19489714081.166943,20004000000.0,166589000000.0,21203000000.0,10771000000.0,10552000000.0,1.86,1.9,20004000000.0,20004000000.0,20004000000.0,20004000000.0,20004000000.0,2325000000.0,22349000000.0,468000000.0,-106000000.0,21203000000.0,67696000000.0,,15987000000.0,88899000000.0,98893000000.0,187792000000.0,187792000000.0,AMZN,Income,,,,,,,,,,,,,,,,,,,,,,,,,,,,,,,,,,,,,,,,,,,,,,,,,,,,,,,,,,,,,,,,,,,,,,,,,,,,,,,,,,,,,,,,,,,,,,,,,,,,,,,,,,,,,,,,574000000.0,574000000.0,678000000.0,570000000.0,1248000000.0,,,574000000.0,678000000.0,570000000.0,1248000000.0,13124000000.0,2863000000.0,2863000000.0,,,,,,,,,,,,,,,,,,,,,,,,,,,,,,,,,,,,,,,,,,,,,,,,,,,,,,,,,-20000000.0,51709000000.0,,,,,,
2025-12-31,,,,,,,,,,,,,,,,,,,,,,,,,,,,,,,,,,AMZN,Balance Sheet,10731000000.0,11246000000.0,,152987000000.0,378595000000.0,476713000000.0,11078000000.0,378595000000.0,411065000000.0,476713000000.0,411065000000.0,411065000000.0,28230000000.0,28230000000.0,250536000000.0,112000000.0,112000000.0,406977000000.0,188972000000.0,35985000000.0,,152987000000.0,65648000000.0,218005000000.0,,20576000000.0,20576000000.0,,,,,197429000000.0,75520000000.0,121909000000.0,,,121909000000.0,818042000000.0,588959000000.0,113410000000.0,,,,,,443079000000.0,-177073000000.0,620152000000.0,,,,155121000000.0,229083000000.0,,38325000000.0,,,67729000000.0,,67729000000.0,123029000000.0,36219000000.0,86810000000.0,,,,,,,,,,,,,,,,,,,,,,,,,,,,,,,,,,,,,,,,,,,,,,,,,,,,,,,,,,,,,,,87339000000.0,,,,87339000000.0,,,,,32470000000.0,9197000000.0,23273000000.0,393286000000.0,,,,-2400000000.0,70129000000.0,,,,,,,,,,,,,,,,,,0.0,,,71745000000.0,,,,,,,515000000.0,,140024000000.0,,,,,41625000000.0,,,,,,7837000000.0,-3300000000.0,,,,
2025-09-30,,,,,,,,,,,,,,,,,,,,,,,,,,,,,,,,,,AMZN,Balance Sheet,10687000000.0,11202000000.0,,135419000000.0,346371000000.0,420373000000.0,1670000000.0,346371000000.0,369631000000.0,420373000000.0,369631000000.0,369631000000.0,12333000000.0,12333000000.0,229344000000.0,112000000.0,112000000.0,358290000000.0,163094000000.0,27675000000.0,,135419000000.0,50742000000.0,195196000000.0,,21113000000.0,21113000000.0,,,,,174083000000.0,68051000000.0,106032000000.0,,,106032000000.0,727921000000.0,531055000000.0,99904000000.0,,,,,,407891000000.0,,407891000000.0,,,,,196866000000.0,,41494000000.0,,,61175000000.0,,61175000000.0,94197000000.0,27275000000.0,66922000000.0,,,,,,,,,,,,,,,,,,,,,,,,,,,,,,,,,,,,,,,,,,,,,,,,,,,,,,,,,,,,,,,84677000000.0,,,,84677000000.0,,,,,23260000000.0,,23260000000.0,407891000000.0,,,,-2300000000.0,63475000000.0,,,,,,,,,,,,,,,,,,0.0,,,,,,,,,,515000000.0,,135679000000.0,,,,,44394000000.0,,,,,,7837000000.0,-2900000000.0,,,,
2025-06-30,,,,,,,,,,,,,,,,,,,,,,,,,,,,,,,,,,AMZN,Balance Sheet,10660000000.0,11175000000.0,,133939000000.0,310620000000.0,384493000000.0,4499000000.0,310620000000.0,333775000000.0,384493000000.0,333775000000.0,333775000000.0,2420000000.0,2420000000.0,208157000000.0,112000000.0,112000000.0,348395000000.0,161474000000.0,27535000000.0,,133939000000.0,50718000000.0,186921000000.0,,21662000000.0,21662000000.0,,,,,165259000000.0,66974000000.0,98285000000.0,,,98285000000.0,682170000000.0,490750000000.0,87854000000.0,,,,,,379741000000.0,,379741000000.0,,,,,191420000000.0,,40825000000.0,,,57415000000.0,,57415000000.0,93180000000.0,35439000000.0,57741000000.0,,,,,,,,,,,,,,,,,,,,,,,,,,,,,,,,,,,,,,,,,,,,,,,,,,,,,,,,,,,,,,,83221000000.0,,,,83221000000.0,,,,,23155000000.0,,23155000000.0,379741000000.0,,,,-2100000000.0,59515000000.0,,,,,,,,,,,,,,,,,,0.0,,,,,,,,,,515000000.0,,130923000000.0,,,,,43625000000.0,,,,,,7837000000.0,-2800000000.0,,,,
2025-03-31,,,,,,,,,,,,,,,,,,,,,,,,,,,,,,,,,,AMZN,Balance Sheet,10613000000.0,11128000000.0,,133245000000.0,282778000000.0,359241000000.0,8474000000.0,282778000000.0,305867000000.0,359241000000.0,305867000000.0,305867000000.0,-914000000.0,-914000000.0,189993000000.0,111000000.0,111000000.0,337389000000.0,161218000000.0,27973000000.0,,133245000000.0,53374000000.0,176171000000.0,,20599000000.0,20599000000.0,,,,,155572000000.0,66331000000.0,89241000000.0,,,89241000000.0,643256000000.0,458611000000.0,84246000000.0,,,,,,351276000000.0,,351276000000.0,,,,,184645000000.0,,35864000000.0,,,54216000000.0,,54216000000.0,94565000000.0,28358000000.0,66207000000.0,,,,,,,,,,,,,,,,,,,,,,,,,,,,,,,,,,,,,,,,,,,,,,,,,,,,,,,,,,,,,,,79871000000.0,,,,79871000000.0,,,,,23089000000.0,,23089000000.0,351276000000.0,,,,-2000000000.0,56216000000.0,,,,,,,,,,,,,,,,,,0.0,,,,,,,,,,515000000.0,,124514000000.0,,,,,38664000000.0,,,,,,7837000000.0,-2800000000.0,,,,
2024-12-31,,,,,,,,,,,,,,,,,,,,,,,,,,,,,,,,,,AMZN,Balance Sheet,10593000000.0,11108000000.0,,130900000000.0,254294000000.0,338593000000.0,11436000000.0,254294000000.0,285970000000.0,338593000000.0,285970000000.0,285970000000.0,-34000000.0,-34000000.0,172866000000.0,111000000.0,111000000.0,338924000000.0,159493000000.0,28593000000.0,,130900000000.0,52623000000.0,179431000000.0,,18103000000.0,18103000000.0,,,,,161328000000.0,66965000000.0,94363000000.0,,,94363000000.0,624894000000.0,434027000000.0,73545000000.0,,,,,,328806000000.0,-141390000000.0,470196000000.0,,,,123039000000.0,190867000000.0,,34214000000.0,,,55451000000.0,,55451000000.0,101202000000.0,22423000000.0,78779000000.0,,,,,,,,,,,,,,,,,,,,,,,,,,,,,,,,,,,,,,,,,,,,,,,,,,,,,,,,,,,,,,,78277000000.0,,,,78277000000.0,,,,,31676000000.0,8602000000.0,23074000000.0,300521000000.0,,,,-2000000000.0,57451000000.0,,,,,,,,,,,,,,,,,,0.0,,,46636000000.0,,,,,,,515000000.0,,120864000000.0,,,,,37214000000.0,,,,,,7837000000.0,-3000000000.0,,,,
2024-06-30,,,,,,,,,,,,,,,,,,,,,,,,,,,,,,,,,,AMZN,Balance Sheet,,,,,,,,,,,,,,,,,,,,,,,,,,,,,,,,,,,,,,,,,,,,,,,,,,,,,,5906000000.0,,,,,3000000000.0,,,,,,,,,,,,,,,,,,,,,,,,,,,,,,,,,,,,,,,,,,,,,,,,,,,,,,,,,,,,,,,,,,,,,,,,,,,,,,,,,,,,,,,,,,,,,,,,,,,,,,,,,,,,,,,,,,,,,,,,,,,,,,,,,,
2025-12-31,,,,,,,,,,,,,,,,,,,,,,,,,,,,,,,,,,AMZN,Cash Flow,,,,,,,,,,,,,,,,,,,,,,,,,,,,,,,,,,,,,,,,,,,,,,,,,,,,,,,,,,,,,,,,,,14937000000.0,,-5101000000.0,17116000000.0,-39522000000.0,1521000000.0,90106000000.0,70464000000.0,19505000000.0,12291000000.0,12291000000.0,,,,,,12015000000.0,-937000000.0,-3126000000.0,12952000000.0,-1975000000.0,14927000000.0,-47245000000.0,-47245000000.0,,-7373000000.0,8841000000.0,-16214000000.0,-38469000000.0,-39522000000.0,54459000000.0,54459000000.0,9270000000.0,,-5220000000.0,17058000000.0,11065000000.0,11065000000.0,3101000000.0,-5478000000.0,-5478000000.0,-693000000.0,4397000000.0,19471000000.0,19471000000.0,21192000000.0,,,,,,,,,,,,,,,,,,,,,,,,,,,,,,,,,,137000000.0,,-1403000000.0,-1403000000.0,-191000000.0,,,,,822000000.0,822000000.0,,,,,,,,,,,5993000000.0,,,,,,,,,,,,,,,,,,,,563000000.0,2189000000.0,,1053000000.0
2025-09-30,,,,,,,,,,,,,,,,,,,,,,,,,,,,,,,,,,AMZN,Cash Flow,,,,,,,,,,,,,,,,,,,,,,,,,,,,,,,,,,,,,,,,,,,,,,,,,,,,,,,,,,,,,,,,,,430000000.0,,-3185000000.0,3223000000.0,-35095000000.0,1136000000.0,70464000000.0,61453000000.0,9408000000.0,-44000000.0,-44000000.0,-82000000.0,,,,,38000000.0,1397000000.0,-1826000000.0,-1359000000.0,-1359000000.0,0.0,-26073000000.0,-26073000000.0,,8941000000.0,16367000000.0,-7426000000.0,-34228000000.0,-35095000000.0,35525000000.0,35525000000.0,-7323000000.0,,-4039000000.0,152000000.0,2151000000.0,2151000000.0,-827000000.0,-1977000000.0,-1977000000.0,-10112000000.0,4847000000.0,16796000000.0,16796000000.0,21187000000.0,,,,,,,,,,,,,,,,,,,,,,,,,,,,,,,,,,-397000000.0,,-786000000.0,-786000000.0,-632000000.0,,,,,10130000000.0,10130000000.0,,,,,,,,,,,-1999000000.0,,,,,,,,,,,,,,,,,,,,377000000.0,3223000000.0,,867000000.0
2025-06-30,,,,,,,,,,,,,,,,,,,,,,,,,,,,,,,,,,AMZN,Cash Flow,,,,,,,,,,,,,,,,,,,,,,,,,,,,,,,,,,,,,,,,,,,,,,,,,,,,,,,,,,,,,,,,,,332000000.0,,-4632000000.0,2093000000.0,-32183000000.0,4761000000.0,61453000000.0,69893000000.0,-9448000000.0,-2539000000.0,-2539000000.0,,,,,,-2539000000.0,701000000.0,-1392000000.0,-3240000000.0,-3240000000.0,0.0,-39424000000.0,-39424000000.0,,-6356000000.0,11441000000.0,-17797000000.0,-31368000000.0,-32183000000.0,32515000000.0,32515000000.0,-6163000000.0,,-2971000000.0,2106000000.0,7058000000.0,7058000000.0,-4054000000.0,-1125000000.0,-1125000000.0,-1258000000.0,6534000000.0,15227000000.0,15227000000.0,18164000000.0,,,,,,,,,,,,,,,,,,,,,,,,,,,,,,,,,,1008000000.0,,-1700000000.0,-1700000000.0,-119000000.0,,,,,11000000.0,11000000.0,,,,,,,,,,,-4952000000.0,,,,,,,,,,,,,,,,,,,,647000000.0,2093000000.0,,815000000.0
2025-03-31,,,,,,,,,,,,,,,,,,,,,,,,,,,,,,,,,,AMZN,Cash Flow,,,,,,,,,,,,,,,,,,,,,,,,,,,,,,,,,,,,,,,,,,,,,,,,,,,,,,,,,,,,,,,,,,-8004000000.0,,-2608000000.0,2561000000.0,-25019000000.0,877000000.0,69893000000.0,82312000000.0,-12835000000.0,-47000000.0,-47000000.0,,,,,,-47000000.0,-267000000.0,-2082000000.0,220000000.0,-526000000.0,746000000.0,-29803000000.0,-29803000000.0,,-5596000000.0,7737000000.0,-13333000000.0,-24255000000.0,-25019000000.0,17015000000.0,17015000000.0,-15753000000.0,,-3402000000.0,-13104000000.0,-9043000000.0,-9043000000.0,-1222000000.0,1247000000.0,1247000000.0,-2817000000.0,3689000000.0,14262000000.0,14262000000.0,17127000000.0,,,,,,,,,,,,,,,,,,,,,,,,,,,,,,,,,,416000000.0,,48000000.0,,728000000.0,,,,,507000000.0,507000000.0,,,,,,,,,,,-4061000000.0,,,,,,,,,,,,,,,,,,,,362000000.0,1815000000.0,48000000.0,764000000.0
2024-12-31,,,,,,,,,,,,,,,,,,,,,,,,,,,,,,,,,,AMZN,Cash Flow,,,,,,,,,,,,,,,,,,,,,,,,,,,,,,,,,,,,,,,,,,,,,,,,,,,,,,,,,,,,,,,,,,17802000000.0,,-6109000000.0,2554000000.0,-27834000000.0,4146000000.0,82312000000.0,78677000000.0,4885000000.0,-3308000000.0,-3308000000.0,,,,,,-3555000000.0,-53000000.0,-2607000000.0,-3502000000.0,-3502000000.0,0.0,-37443000000.0,-37443000000.0,,-8856000000.0,3677000000.0,-12533000000.0,-26052000000.0,-27834000000.0,45636000000.0,45636000000.0,7100000000.0,,-4190000000.0,12768000000.0,8726000000.0,8726000000.0,934000000.0,-4023000000.0,-4023000000.0,-486000000.0,4995000000.0,15631000000.0,15631000000.0,20004000000.0,,,,,,,,,,,,,,,,,,,,,,,,,,,,,,,,,,-1250000000.0,,-2535000000.0,-2535000000.0,1611000000.0,,,,,-1608000000.0,-1608000000.0,,,,,,,,,,,4042000000.0,,,,,,,,,,,,,,,,,,,,771000000.0,2554000000.0,,1782000000.0
2024-09-30,,,,,,,,,,,,,,,,,,,,,,,,,,,,,,,,,,AMZN,Cash Flow,,,,,,,,,,,,,,,,,,,,,,,,,,,,,,,,,,,,,,,,,,,,,,,,,,,,,,,,,,,,,,,,,,,,,,,,,,,,,-78000000.0,,,,,,,,,,,,,,,,,,,,,,,,,,,,,,,,,,,,,,,,,,,,,,,,,,,,,,,,,,,,,,,,,,,,,,,-622000000.0,,,,,,,,,,,,,,,,,,,,,,,,,,,,,,,,,,,,,,,,,
2024-06-30,,,,,,,,,,,,,,,,,,,,,,,,,,,,,,,,,,AMZN,Cash Flow,,,,,,,,,,,,,,,,,,,,,,,,,,,,,,,,,,,,,,,,,,,,,,,,,,,,,,,,,,,,,,,,,,,,,,,,,,,,,-79000000.0,,,,,,,,,,,,,,,,,,,,,,,,,,,,,,,,,,,,,,,,,,,,,,,,,,,,,,,,,,,,,,,,,,,,,,,,,,,,,,,,,,,,,,,,,,,,,,,,,,,,,,,,,,,,,,,,
